범죄명칭, 범죄명칭, 범죄명칭, 범죄명칭, 1991, 1991, 1991, 1991, 1991, 1991, 1991, 1991, 1991, 1991, 1991, 1991, 1991, 1991, 1991, 1991, 1991, 1991, 1991, 1991, 1991, 1991, 1991, 1991, 1991, 1991, 1991, 1991, 1992, 1992, 1992, 1992, 1992, 1992, 1992, 1992, 1992, 1992, 1992, 1992, 1992, 1992, 1992, 1992, 1992, 1992, 1992, 1992, 1992, 1992, 1992, 1992, 1992, 1992, 1992, 1992, 1993, 1993, 1993, 1993, 1993, 1993, 1993, 1993, 1993, 1993, 1993, 1993, 1993, 1993, 1993, 1993, 1993, 1993, 1993, 1993, 1993, 1993, 1993, 1993, 1993, 1993, 1993, 1993, 1994, 1994, 1994, 1994, 1994, 1994, 1994, 1994, 1994, 1994, 1994, 1994, 1994, 1994, 1994, 1994, 1994, 1994, 1994, 1994, 1994, 1994, 1994, 1994, 1994, 1994, 1994, 1994, 1995, 1995, 1995, 1995, 1995, 1995, 1995, 1995, 1995, 1995, 1995, 1995, 1995, 1995, 1995, 1995, 1995, 1995, 1995, 1995, 1995, 1995, 1995, 1995, 1995, 1995, 1995, 1995, 1996, 1996, 1996, 1996, 1996, 1996, 1996, 1996, 1996, 1996, 1996, 1996, 1996, 1996, 1996, 1996, 1996, 1996, 1996, 1996, 1996, 1996, 1996, 1996, 1996, 1996, 1996, 1996, 1997, 1997, 1997, 1997, 1997, 1997, 1997, 1997, 1997, 1997, 1997, 1997, 1997, 1997, 1997, 1997, 1997, 1997, 1997, 1997, 1997, 1997, 1997, 1997, 1997, 1997, 1997, 1997, 1998, 1998, 1998, 1998, 1998, 1998, 1998, 1998, 1998, 1998, 1998, 1998, 1998, 1998, 1998, 1998, 1998, 1998, 1998, 1998, 1998, 1998, 1998, 1998, 1998, 1998, 1998, 1998, 1999, 1999, 1999, 1999, 1999, 1999, 1999, 1999, 1999, 1999, 1999, 1999, 1999, 1999, 1999, 1999, 1999, 1999, 1999, 1999, 1999, 1999, 1999, 1999, 1999, 1999, 1999, 1999, 2000, 2000, 2000, 2000, 2000, 2000, 2000, 2000, 2000, 2000, 2000, 2000, 2000, 2000, 2000, 2000, 2000, 2000, 2000, 2000, 2000, 2000, 2000, 2000, 2000, 2000, 2000, 2000, 2001, 2001, 2001, 2001, 2001, 2001, 2001, 2001, 2001, 2001, 2001, 2001, 2001, 2001, 2001, 2001, 2001, 2001, 2001, 2001, 2001, 2001, 2001, 2001, 2001, 2001, 2001, 2001, 2002, 2002, 2002, 2002, 2002, 2002, 2002, 2002, 2002, 2002, 2002, 2002, 2002, 2002, 2002, 2002, 2002, 2002, 2002, 2002, 2002, 2002, 2002, 2002, 2002, 2002, 2002, 2002, 2003, 2003, 2003, 2003, 2003, 2003, 2003, 2003, 2003, 2003, 2003, 2003, 2003, 2003, 2003, 2003, 2003, 2003, 2003, 2003, 2003, 2003, 2003, 2003, 2003, 2003, 2003, 2003, 2004, 2004, 2004, 2004, 2004, 2004, 2004, 2004, 2004, 2004, 2004, 2004, 2004, 2004, 2004, 2004, 2004, 2004, 2004, 2004, 2004, 2004, 2004, 2004, 2004, 2004, 2004, 2004, 2005, 2005, 2005, 2005, 2005, 2005, 2005, 2005, 2005, 2005, 2005, 2005, 2005, 2005, 2005, 2005, 2005, 2005, 2005, 2005, 2005, 2005, 2005, 2005, 2005, 2005, 2005, 2005, 2006, 2006, 2006, 2006, 2006, 2006, 2006, 2006, 2006, 2006, 2006, 2006, 2006, 2006, 2006, 2006, 2006, 2006, 2006, 2006, 2006, 2006, 2006, 2006, 2006, 2006, 2006, 2006, 2007, 2007, 2007, 2007, 2007, 2007, 2007, 2007, 2007, 2007, 2007, 2007, 2007, 2007, 2007, 2007, 2007, 2007, 2007, 2007, 2007, 2007, 2007, 2007, 2007, 2007, 2007, 2007, 2008, 2008, 2008, 2008, 2008, 2008, 2008, 2008, 2008, 2008, 2008, 2008, 2008, 2008, 2008, 2008, 2008, 2008, 2008, 2008, 2008, 2008, 2008, 2008, 2008, 2008, 2008, 2008, 2009, 2009, 2009, 2009, 2009, 2009, 2009, 2009, 2009, 2009, 2009, 2009, 2009, 2009, 2009, 2009, 2009, 2009, 2009, 2009, 2009, 2009, 2009, 2009, 2009, 2009, 2009, 2009, 2010, 2010, 2010, 2010, 2010, 2010, 2010, 2010, 2010, 2010, 2010, 2010, 2010, 2010, 2010, 2010, 2010, 2010, 2010, 2010, 2010, 2010, 2010, 2010, 2010, 2010, 2010, 2010, 2011, 2011, 2011, 2011, 2011, 2011, 2011, 2011, 2011, 2011, 2011, 2011, 2011, 2011, 2011, 2011, 2011, 2011, 2011, 2011, 2011, 2011, 2011, 2011, 2011, 2011, 2011, 2011, 2012, 2012, 2012, 2012, 2012, 2012, 2012, 2012, 2012, 2012, 2012, 2012, 2012, 2012, 2012, 2012, 2012, 2012, 2012, 2012, 2012, 2012, 2012, 2012, 2012, 2012, 2012, 2012, 2013, 2013, 2013, 2013, 2013, 2013, 2013, 2013, 2013, 2013, 2013, 2013, 2013, 2013, 2013, 2013, 2013, 2013, 2013, 2013, 2013, 2013, 2013, 2013, 2013, 2013, 2013, 2013,
범죄명칭, 범죄명칭, 범죄명칭, 범죄명칭, 계, 계, 계, 계, 계, 계, 계, 계, 계, 계, 계, 계, 계, 계, 계, 계, 계, 계, 계, 계, 계, 계, 계, 계, 계, 계, 계, 계, 계, 계, 계, 계, 계, 계, 계, 계, 계, 계, 계, 계, 계, 계, 계, 계, 계, 계, 계, 계, 계, 계, 계, 계, 계, 계, 계, 계, 계, 계, 계, 계, 계, 계, 계, 계, 계, 계, 계, 계, 계, 계, 계, 계, 계, 계, 계, 계, 계, 계, 계, 계, 계, 계, 계, 계, 계, 계, 계, 계, 계, 계, 계, 계, 계, 계, 계, 계, 계, 계, 계, 계, 계, 계, 계, 계, 계, 계, 계, 계, 계, 계, 계, 계, 계, 계, 계, 계, 계, 계, 계, 계, 계, 계, 계, 계, 계, 계, 계, 계, 계, 계, 계, 계, 계, 계, 계, 계, 계, 계, 계, 계, 계, 계, 계, 계, 계, 계, 계, 계, 계, 계, 계, 계, 계, 계, 계, 계, 계, 계, 계, 계, 계, 계, 계, 계, 계, 계, 계, 계, 계, 계, 계, 계, 계, 계, 계, 계, 계, 계, 계, 계, 계, 계, 계, 계, 계, 계, 계, 계, 계, 계, 계, 계, 계, 계, 계, 계, 계, 계, 계, 계, 계, 계, 계, 계, 계, 계, 계, 계, 계, 계, 계, 계, 계, 계, 계, 계, 계, 계, 계, 계, 계, 계, 계, 계, 계, 계, 계, 계, 계, 계, 계, 계, 계, 계, 계, 계, 계, 계, 계, 계, 계, 계, 계, 계, 계, 계, 계, 계, 계, 계, 계, 계, 계, 계, 계, 계, 계, 계, 계, 계, 계, 계, 계, 계, 계, 계, 계, 계, 계, 계, 계, 계, 계, 계, 계, 계, 계, 계, 계, 계, 계, 계, 계, 계, 계, 계, 계, 계, 계, 계, 계, 계, 계, 계, 계, 계, 계, 계, 계, 계, 계, 계, 계, 계, 계, 계, 계, 계, 계, 계, 계, 계, 계, 계, 계, 계, 계, 계, 계, 계, 계, 계, 계, 계, 계, 계, 계, 계, 계, 계, 계, 계, 계, 계, 계, 계, 계, 계, 계, 계, 계, 계, 계, 계, 계, 계, 계, 계, 계, 계, 계, 계, 계, 계, 계, 계, 계, 계, 계, 계, 계, 계, 계, 계, 계, 계, 계, 계, 계, 계, 계, 계, 계, 계, 계, 계, 계, 계, 계, 계, 계, 계, 계, 계, 계, 계, 계, 계, 계, 계, 계, 계, 계, 계, 계, 계, 계, 계, 계, 계, 계, 계, 계, 계, 계, 계, 계, 계, 계, 계, 계, 계, 계, 계, 계, 계, 계, 계, 계, 계, 계, 계, 계, 계, 계, 계, 계, 계, 계, 계, 계, 계, 계, 계, 계, 계, 계, 계, 계, 계, 계, 계, 계, 계, 계, 계, 계, 계, 계, 계, 계, 계, 계, 계, 계, 계, 계, 계, 계, 계, 계, 계, 계, 계, 계, 계, 계, 계, 계, 계, 계, 계, 계, 계, 계, 계, 계, 계, 계, 계, 계, 계, 계, 계, 계, 계, 계, 계, 계, 계, 계, 계, 계, 계, 계, 계, 계, 계, 계, 계, 계, 계, 계, 계, 계, 계, 계, 계, 계, 계, 계, 계, 계, 계, 계, 계, 계, 계, 계, 계, 계, 계, 계, 계, 계, 계, 계, 계, 계, 계, 계, 계, 계, 계, 계, 계, 계, 계, 계, 계, 계, 계, 계, 계, 계, 계, 계, 계, 계, 계, 계, 계, 계, 계, 계, 계, 계, 계, 계, 계, 계, 계, 계, 계, 계, 계, 계, 계, 계, 계, 계, 계, 계, 계, 계, 계, 계, 계, 계, 계, 계, 계, 계, 계, 계, 계, 계, 계, 계, 계, 계, 계, 계, 계, 계, 계, 계, 계, 계, 계, 계, 계, 계, 계, 계, 계, 계, 계, 계, 계, 계, 계, 계, 계, 계, 계, 계, 계, 계, 계, 계, 계, 계, 계, 계, 계, 계, 계, 계, 계, 계, 계, 계, 계, 계, 계, 계, 계, 계, 계, 계, 계, 계, 계,
범죄명칭, 범죄명칭, 범죄명칭, 범죄명칭, 아파트.연립.다세대, 단독주택, 고속도로, 노상, 상점, 시장노점, 숙박업소.목욕탕, 유흥접객업소, 사무실, 공장, 공사장.광산, 창고, 역.대합실, 지하철, 기타교통수단내, 흥행장, 유원지, 학교, 금융기관, 의료기관, 종교기관, 산야, 해상, 부대, 구금장소, 공지, 기타, 다방요식업소, 아파트.연립.다세대, 단독주택, 고속도로, 노상, 상점, 시장노점, 숙박업소.목욕탕, 유흥접객업소, 사무실, 공장, 공사장.광산, 창고, 역.대합실, 지하철, 기타교통수단내, 흥행장, 유원지, 학교, 금융기관, 의료기관, 종교기관, 산야, 해상, 부대, 구금장소, 공지, 기타, 다방요식업소, 아파트.연립.다세대, 단독주택, 고속도로, 노상, 상점, 시장노점, 숙박업소.목욕탕, 유흥접객업소, 사무실, 공장, 공사장.광산, 창고, 역.대합실, 지하철, 기타교통수단내, 흥행장, 유원지, 학교, 금융기관, 의료기관, 종교기관, 산야, 해상, 부대, 구금장소, 공지, 기타, 다방요식업소, 아파트.연립.다세대, 단독주택, 고속도로, 노상, 상점, 시장노점, 숙박업소.목욕탕, 유흥접객업소, 사무실, 공장, 공사장.광산, 창고, 역.대합실, 지하철, 기타교통수단내, 흥행장, 유원지, 학교, 금융기관, 의료기관, 종교기관, 산야, 해상, 부대, 구금장소, 공지, 기타, 다방요식업소, 아파트.연립.다세대, 단독주택, 고속도로, 노상, 상점, 시장노점, 숙박업소.목욕탕, 유흥접객업소, 사무실, 공장, 공사장.광산, 창고, 역.대합실, 지하철, 기타교통수단내, 흥행장, 유원지, 학교, 금융기관, 의료기관, 종교기관, 산야, 해상, 부대, 구금장소, 공지, 기타, 다방요식업소, 아파트.연립.다세대, 단독주택, 고속도로, 노상, 상점, 시장노점, 숙박업소.목욕탕, 유흥접객업소, 사무실, 공장, 공사장.광산, 창고, 역.대합실, 지하철, 기타교통수단내, 흥행장, 유원지, 학교, 금융기관, 의료기관, 종교기관, 산야, 해상, 부대, 구금장소, 공지, 기타, 다방요식업소, 아파트.연립.다세대, 단독주택, 고속도로, 노상, 상점, 시장노점, 숙박업소.목욕탕, 유흥접객업소, 사무실, 공장, 공사장.광산, 창고, 역.대합실, 지하철, 기타교통수단내, 흥행장, 유원지, 학교, 금융기관, 의료기관, 종교기관, 산야, 해상, 부대, 구금장소, 공지, 기타, 다방요식업소, 아파트.연립.다세대, 단독주택, 고속도로, 노상, 상점, 시장노점, 숙박업소.목욕탕, 유흥접객업소, 사무실, 공장, 공사장.광산, 창고, 역.대합실, 지하철, 기타교통수단내, 흥행장, 유원지, 학교, 금융기관, 의료기관, 종교기관, 산야, 해상, 부대, 구금장소, 공지, 기타, 다방요식업소, 아파트.연립.다세대, 단독주택, 고속도로, 노상, 상점, 시장노점, 숙박업소.목욕탕, 유흥접객업소, 사무실, 공장, 공사장.광산, 창고, 역.대합실, 지하철, 기타교통수단내, 흥행장, 유원지, 학교, 금융기관, 의료기관, 종교기관, 산야, 해상, 부대, 구금장소, 공지, 기타, 다방요식업소, 아파트.연립.다세대, 단독주택, 고속도로, 노상, 상점, 시장노점, 숙박업소.목욕탕, 유흥접객업소, 사무실, 공장, 공사장.광산, 창고, 역.대합실, 지하철, 기타교통수단내, 흥행장, 유원지, 학교, 금융기관, 의료기관, 종교기관, 산야, 해상, 부대, 구금장소, 공지, 기타, 다방요식업소, 아파트.연립.다세대, 단독주택, 고속도로, 노상, 상점, 시장노점, 숙박업소.목욕탕, 유흥접객업소, 사무실, 공장, 공사장.광산, 창고, 역.대합실, 지하철, 기타교통수단내, 흥행장, 유원지, 학교, 금융기관, 의료기관, 종교기관, 산야, 해상, 부대, 구금장소, 공지, 기타, 다방요식업소, 아파트.연립.다세대, 단독주택, 고속도로, 노상, 상점, 시장노점, 숙박업소.목욕탕, 유흥접객업소, 사무실, 공장, 공사장.광산, 창고, 역.대합실, 지하철, 기타교통수단내, 흥행장, 유원지, 학교, 금융기관, 의료기관, 종교기관, 산야, 해상, 부대, 구금장소, 공지, 기타, 다방요식업소, 아파트.연립.다세대, 단독주택, 고속도로, 노상, 상점, 시장노점, 숙박업소.목욕탕, 유흥접객업소, 사무실, 공장, 공사장.광산, 창고, 역.대합실, 지하철, 기타교통수단내, 흥행장, 유원지, 학교, 금융기관, 의료기관, 종교기관, 산야, 해상, 부대, 구금장소, 공지, 기타, 다방요식업소, 아파트.연립.다세대, 단독주택, 고속도로, 노상, 상점, 시장노점, 숙박업소.목욕탕, 유흥접객업소, 사무실, 공장, 공사장.광산, 창고, 역.대합실, 지하철, 기타교통수단내, 흥행장, 유원지, 학교, 금융기관, 의료기관, 종교기관, 산야, 해상, 부대, 구금장소, 공지, 기타, 다방요식업소, 아파트.연립.다세대, 단독주택, 고속도로, 노상, 상점, 시장노점, 숙박업소.목욕탕, 유흥접객업소, 사무실, 공장, 공사장.광산, 창고, 역.대합실, 지하철, 기타교통수단내, 흥행장, 유원지, 학교, 금융기관, 의료기관, 종교기관, 산야, 해상, 부대, 구금장소, 공지, 기타, 다방요식업소, 아파트.연립.다세대, 단독주택, 고속도로, 노상, 상점, 시장노점, 숙박업소.목욕탕, 유흥접객업소, 사무실, 공장, 공사장.광산, 창고, 역.대합실, 지하철, 기타교통수단내, 흥행장, 유원지, 학교, 금융기관, 의료기관, 종교기관, 산야, 해상, 부대, 구금장소, 공지, 기타, 다방요식업소, 아파트.연립.다세대, 단독주택, 고속도로, 노상, 상점, 시장노점, 숙박업소.목욕탕, 유흥접객업소, 사무실, 공장, 공사장.광산, 창고, 역.대합실, 지하철, 기타교통수단내, 흥행장, 유원지, 학교, 금융기관, 의료기관, 종교기관, 산야, 해상, 부대, 구금장소, 공지, 기타, 다방요식업소, 아파트.연립.다세대, 단독주택, 고속도로, 노상, 상점, 시장노점, 숙박업소.목욕탕, 유흥접객업소, 사무실, 공장, 공사장.광산, 창고, 역.대합실, 지하철, 기타교통수단내, 흥행장, 유원지, 학교, 금융기관, 의료기관, 종교기관, 산야, 해상, 부대, 구금장소, 공지, 기타, 다방요식업소, 아파트.연립.다세대, 단독주택, 고속도로, 노상, 상점, 시장노점, 숙박업소.목욕탕, 유흥접객업소, 사무실, 공장, 공사장.광산, 창고, 역.대합실, 지하철, 기타교통수단내, 흥행장, 유원지, 학교, 금융기관, 의료기관, 종교기관, 산야, 해상, 부대, 구금장소, 공지, 기타, 다방요식업소, 아파트.연립.다세대, 단독주택, 고속도로, 노상, 상점, 시장노점, 숙박업소.목욕탕, 유흥접객업소, 사무실, 공장, 공사장.광산, 창고, 역.대합실, 지하철, 기타교통수단내, 흥행장, 유원지, 학교, 금융기관, 의료기관, 종교기관, 산야, 해상, 부대, 구금장소, 공지, 기타, 다방요식업소, 아파트.연립.다세대, 단독주택, 고속도로, 노상, 상점, 시장노점, 숙박업소.목욕탕, 유흥접객업소, 사무실, 공장, 공사장.광산, 창고, 역.대합실, 지하철, 기타교통수단내, 흥행장, 유원지, 학교, 금융기관, 의료기관, 종교기관, 산야, 해상, 부대, 구금장소, 공지, 기타, 다방요식업소, 아파트.연립.다세대, 단독주택, 고속도로, 노상, 상점, 시장노점, 숙박업소.목욕탕, 유흥접객업소, 사무실, 공장, 공사장.광산, 창고, 역.대합실, 지하철, 기타교통수단내, 흥행장, 유원지, 학교, 금융기관, 의료기관, 종교기관, 산야, 해상, 부대, 구금장소, 공지, 기타, 다방요식업소, 아파트.연립.다세대, 단독주택, 고속도로, 노상, 상점, 시장노점, 숙박업소.목욕탕, 유흥접객업소, 사무실, 공장, 공사장.광산, 창고, 역.대합실, 지하철, 기타교통수단내, 흥행장, 유원지, 학교, 금융기관, 의료기관, 종교기관, 산야, 해상, 부대, 구금장소, 공지, 기타, 다방요식업소
강력범죄, 강도, 강도, , , 819, , 1136, 111, 23, 115, 21, 40, 13, 6, 12, 32, 22, 22, 2, 21, 14, 8, 9, 4, 30, 2, 0, 2, 25, 189, 88, , 725, , 1120, 83, 13, 88, 36, 43, 16, 5, 0, 13, 39, 27, 8, 15, 11, 3, 9, 3, 21, 0, 0, 2, 22, 176, 71, , 699, , 1302, 114, 24, 103, 35, 59, 11, 6, 6, 27, 53, 17, 9, 10, 12, 2, 8, 6, 24, 0, 1, 0, 31, 214, 103, 421, 703, 7, 2085, 278, 24, 163, 159, 84, 19, 11, 7, 10, 14, 188, 18, 33, 15, 7, 14, 12, 36, 0, 1, 1, 34, 407, , 314, 529, 6, 1503, 214, 23, 150, 133, 72, 10, 6, 5, 16, 16, 184, 16, 22, 14, 12, 10, 11, 33, 0, 0, 0, 24, 380, , 401, 512, 15, 1385, 299, 15, 152, 120, 97, 7, 12, 8, 12, 5, 173, 8, 10, 8, 13, 10, 8, 24, 5, 1, 1, 21, 392, , 502, 663, 7, 1668, 296, 21, 145, 192, 94, 9, 7, 2, 15, 17, 186, 18, 7, 10, 18, 17, 11, 22, 2, 1, 3, 19, 502, , 633, 666, 14, 2112, 383, 20, 233, 202, 106, 21, 7, 6, 5, 17, 231, 6, 14, 15, 19, 28, 16, 27, 3, 0, 5, 23, 729, , 647, 693, 9, 1717, 316, 19, 207, 209, 92, 13, 6, 7, 14, 8, 224, 15, 22, 15, 14, 24, 9, 20, 6, 0, 4, 12, 673, , 803, 753, 7, 1834, 354, 29, 198, 246, 120, 16, 8, 4, 6, 14, 229, 15, 4, 14, 17, 18, 8, 29, 2, 0, 5, 13, 783, , 991, 654, 11, 1911, 363, 30, 217, 251, 105, 15, 9, 4, 5, 15, 239, 23, 10, 13, 24, 19, 11, 26, 4, 1, 3, 11, 813, , 951, 544, 4, 2122, 312, 25, 293, 322, 144, 16, 10, 8, 6, 14, 212, 3, 11, 45, 21, 32, 7, 24, 3, 0, 2, 23, 799, , 1058, 602, 12, 2552, 468, 24, 376, 472, 188, 12, 8, 5, 5, 22, 246, 9, 9, 21, 39, 23, 9, 28, 5, 1, 8, 26, 1099, , 560, 840, 4, 1904, 483, 24, 336, 389, 95, 15, 15, 9, 12, 11, 22, 25, 45, 31, 38, 44, 18, 25, 1, 0, 0, 4, 812, , 518, 826, 10, 1709, 503, 15, 238, 330, 109, 13, 8, 7, 8, 6, 14, 22, 39, 26, 17, 44, 22, 45, 1, 0, 0, 5, 731, , 412, 727, 6, 1383, 579, 6, 273, 386, 100, 10, 19, 5, 7, 3, 13, 24, 19, 31, 21, 17, 7, 12, 0, 0, 0, 9, 615, , 416, 590, 7, 1428, 584, 6, 262, 317, 84, 12, 12, 8, 17, 5, 23, 8, 49, 26, 22, 12, 11, 7, 0, 0, 1, 3, 560, , 394, 645, 8, 1653, 535, 5, 206, 408, 110, 4, 5, 4, 6, 5, 34, 5, 42, 30, 46, 18, 21, 10, 1, 0, 0, 3, 629, , 471, 839, 1, 2131, 655, 7, 390, 454, 197, 23, 13, 11, 21, 10, 29, 13, 68, 49, 33, 18, 38, 11, 0, 0, 0, 4, 893, , 372, 528, 1, 1541, 487, 5, 262, 275, 128, 16, 8, 6, 13, 4, 33, 2, 55, 35, 23, 24, 8, 12, 1, 0, 1, 3, 552, , 320, 413, 4, 1079, 487, 7, 190, 257, 111, 12, 3, 6, 15, 3, 30, 4, 29, 14, 21, 4, 11, 7, 0, 0, 1, 1, 992, , 142, 239, 1, 634, 370, 10, 85, 158, 32, 5, 2, 2, 10, 2, 43, 2, 19, 7, 9, 9, 1, 6, 3, 0, 0, 0, 852, , 172, 223, 1, 634, 363, 19, 102, 170, 50, 1, 2, 3, 3, 0, 32, 3, 14, 6, 13, 13, 11, 8, 4, 0, 3, 1, 162, ,
강력범죄, 방화, 방화, , , 409, , 174, 29, 13, 25, 12, 37, 64, 9, 18, 6, 1, 3, 0, 2, 11, 2, 5, 6, 13, 1, 0, 0, 24, 134, 50, , 408, , 240, 14, 16, 21, 12, 34, 62, 4, 17, 5, 1, 4, 0, 1, 7, 4, 1, 8, 11, 3, 0, 0, 19, 130, 42, , 388, , 125, 26, 8, 21, 9, 47, 52, 2, 8, 2, 1, 4, 5, 0, 1, 2, 2, 11, 9, 4, 1, 0, 20, 110, 48, 91, 240, 0, 102, 28, 4, 17, 45, 34, 32, 3, 6, 1, 2, 2, 1, 0, 10, 1, 6, 5, 9, 0, 0, 0, 7, 79, , 90, 202, 0, 72, 35, 4, 15, 44, 22, 25, 5, 3, 2, 0, 1, 0, 0, 2, 0, 2, 4, 4, 1, 0, 1, 8, 76, , 120, 221, 1, 99, 39, 3, 17, 42, 23, 21, 4, 3, 0, 0, 3, 0, 1, 4, 0, 1, 6, 2, 3, 0, 2, 5, 101, , 115, 240, 0, 83, 51, 8, 21, 29, 29, 22, 4, 8, 0, 0, 1, 1, 0, 3, 1, 3, 14, 3, 3, 0, 1, 12, 124, , 200, 285, 3, 110, 56, 9, 22, 30, 35, 22, 6, 6, 40, 98, 21, 1, 0, 5, 1, 5, 13, 4, 8, 0, 0, 7, 170, , 189, 319, 2, 185, 65, 8, 19, 45, 26, 30, 3, 5, 0, 1, 4, 2, 2, 1, 1, 0, 7, 2, 8, 0, 0, 9, 174, , 254, 364, 0, 165, 61, 13, 33, 47, 47, 29, 4, 16, 0, 0, 4, 0, 2, 2, 1, 3, 10, 8, 5, 0, 1, 10, 199, , 289, 336, 1, 193, 71, 12, 23, 54, 46, 45, 3, 20, 0, 0, 2, 4, 0, 5, 1, 7, 10, 6, 4, 0, 0, 11, 232, , 287, 360, 0, 191, 70, 5, 27, 44, 52, 27, 6, 11, 2, 0, 5, 2, 1, 8, 2, 2, 9, 6, 7, 0, 0, 9, 255, , 390, 349, 0, 250, 115, 8, 49, 50, 69, 33, 11, 9, 4, 4, 1, 2, 0, 6, 5, 4, 13, 3, 4, 0, 0, 8, 326, , 233, 525, 2, 178, 76, 4, 49, 92, 98, 29, 8, 14, 0, 6, 4, 4, 3, 8, 7, 13, 25, 6, 3, 0, 0, 5, 198, , 277, 520, 2, 263, 81, 7, 46, 112, 83, 42, 6, 12, 1, 8, 6, 11, 10, 8, 2, 11, 23, 12, 3, 0, 0, 7, 274, , 295, 450, 0, 245, 85, 9, 47, 93, 78, 23, 9, 23, 0, 6, 2, 13, 10, 11, 3, 8, 22, 3, 4, 1, 1, 3, 241, , 268, 460, 0, 289, 48, 8, 50, 95, 80, 16, 11, 10, 4, 7, 2, 4, 18, 10, 7, 15, 21, 6, 2, 0, 0, 5, 258, , 326, 558, 0, 329, 68, 5, 52, 96, 88, 24, 11, 14, 1, 7, 6, 5, 11, 19, 8, 9, 10, 5, 0, 0, 0, 4, 290, , 293, 452, 1, 302, 72, 5, 82, 75, 82, 29, 18, 16, 2, 4, 10, 4, 11, 21, 10, 11, 19, 18, 1, 0, 2, 1, 325, , 354, 450, 0, 293, 66, 9, 61, 86, 77, 39, 6, 17, 7, 4, 5, 3, 16, 19, 13, 25, 29, 8, 0, 0, 0, 1, 298, , 329, 335, 1, 224, 61, 12, 40, 82, 65, 23, 8, 16, 4, 3, 6, 0, 25, 19, 8, 17, 13, 17, 2, 0, 0, 2, 660, , 208, 279, 0, 192, 32, 28, 24, 45, 64, 16, 14, 11, 6, 1, 7, 3, 8, 11, 4, 11, 15, 9, 0, 0, 0, 0, 909, , 378, 364, 0, 296, 58, 52, 54, 87, 48, 27, 8, 23, 7, 1, 10, 1, 20, 16, 3, 7, 18, 16, 3, 0, 0, 2, 245, ,
강력범죄, 방화, 실화, , , 1256, , 379, 172, 45, 60, 30, 157, 580, 48, 114, 19, 5, 27, 7, 0, 25, 2, 6, 24, 90, 18, 6, 0, 61, 611, 173, , 1073, , 397, 164, 47, 74, 47, 118, 541, 32, 109, 24, 8, 22, 5, 3, 26, 3, 5, 21, 75, 27, 0, 0, 58, 556, 143, , 1015, , 285, 148, 31, 64, 52, 126, 472, 42, 104, 11, 6, 26, 11, 0, 23, 3, 13, 16, 92, 30, 5, 0, 49, 488, 143, 218, 715, 8, 305, 205, 48, 58, 148, 135, 520, 48, 98, 3, 1, 6, 10, 1, 21, 5, 9, 29, 85, 71, 6, 2, 48, 501, , 223, 673, 7, 311, 204, 27, 53, 119, 118, 384, 55, 88, 0, 0, 9, 8, 2, 22, 2, 8, 18, 80, 62, 0, 1, 47, 584, , 253, 649, 10, 359, 241, 43, 62, 155, 110, 375, 38, 87, 1, 0, 8, 6, 0, 30, 5, 8, 15, 54, 71, 2, 1, 57, 643, , 266, 638, 5, 349, 288, 40, 55, 135, 95, 417, 41, 96, 1, 2, 18, 5, 5, 30, 3, 7, 21, 75, 117, 0, 1, 55, 721, , 228, 546, 7, 317, 267, 19, 48, 144, 97, 271, 20, 87, 2, 1, 17, 5, 3, 20, 1, 7, 17, 31, 100, 2, 0, 30, 584, , 221, 434, 6, 240, 247, 31, 40, 79, 70, 307, 23, 80, 1, 2, 15, 6, 1, 16, 2, 4, 13, 35, 84, 0, 0, 32, 559, , 348, 597, 12, 370, 307, 34, 57, 91, 112, 411, 25, 127, 1, 0, 13, 7, 4, 31, 2, 6, 26, 70, 88, 1, 0, 42, 836, , 447, 682, 13, 442, 358, 34, 70, 113, 145, 441, 31, 105, 1, 4, 16, 5, 5, 36, 1, 12, 26, 73, 83, 2, 0, 44, 955, , 391, 505, 6, 405, 267, 38, 65, 73, 105, 368, 42, 96, 2, 0, 11, 0, 4, 39, 1, 6, 25, 52, 53, 0, 0, 34, 794, , 374, 405, 4, 376, 286, 23, 54, 69, 102, 338, 31, 85, 3, 1, 10, 4, 4, 25, 4, 13, 17, 23, 77, 1, 0, 24, 751, , 161, 386, 3, 148, 101, 12, 41, 110, 59, 208, 48, 65, 9, 1, 20, 1, 5, 13, 1, 3, 11, 42, 52, 0, 0, 8, 365, , 252, 415, 5, 221, 150, 12, 39, 145, 102, 256, 56, 95, 13, 2, 26, 6, 6, 22, 5, 9, 16, 70, 52, 0, 0, 21, 504, , 228, 367, 0, 221, 106, 13, 47, 118, 74, 216, 45, 102, 8, 0, 14, 7, 13, 18, 2, 9, 23, 66, 39, 0, 0, 13, 414, , 183, 373, 2, 155, 85, 4, 51, 133, 75, 140, 53, 78, 9, 0, 10, 3, 8, 15, 1, 4, 19, 47, 26, 0, 0, 15, 419, , 201, 342, 0, 186, 84, 10, 39, 110, 71, 166, 42, 76, 3, 0, 14, 2, 13, 18, 2, 9, 15, 64, 21, 0, 0, 13, 401, , 188, 359, 1, 164, 99, 4, 37, 99, 59, 139, 28, 78, 4, 0, 24, 1, 20, 18, 4, 9, 15, 86, 27, 0, 0, 11, 415, , 242, 354, 2, 171, 120, 7, 58, 139, 53, 196, 28, 94, 10, 0, 16, 1, 11, 27, 6, 7, 16, 49, 27, 0, 0, 15, 423, , 283, 344, 3, 168, 94, 18, 52, 109, 60, 179, 40, 107, 10, 1, 13, 0, 25, 23, 1, 14, 20, 104, 22, 0, 0, 14, 992, , 173, 213, 0, 85, 28, 23, 25, 82, 30, 116, 29, 56, 7, 0, 29, 0, 16, 13, 0, 5, 5, 69, 38, 0, 0, 1, 1394, , 315, 324, 1, 192, 76, 72, 47, 156, 51, 187, 54, 81, 13, 0, 29, 2, 19, 18, 3, 12, 7, 166, 40, 1, 0, 6, 394, ,
강력범죄, 살인, 살인, , , 275, , 111, 9, 3, 27, 18, 12, 4, 2, 2, 3, 4, 0, 1, 3, 5, 1, 3, 2, 19, 7, 3, 1, 4, 70, 41, , 292, , 97, 7, 3, 29, 9, 14, 2, 6, 0, 2, 0, 1, 1, 2, 2, 1, 3, 2, 29, 5, 1, 1, 9, 60, 37, , 379, , 135, 13, 6, 42, 10, 14, 4, 9, 1, 2, 2, 3, 0, 5, 2, 1, 7, 5, 28, 4, 0, 0, 10, 81, 43, 96, 236, 1, 100, 19, 6, 30, 32, 9, 7, 2, 2, 0, 0, 6, 1, 8, 3, 0, 4, 2, 27, 18, 7, 0, 4, 85, , 102, 200, 2, 95, 22, 3, 29, 32, 19, 7, 1, 3, 0, 1, 4, 4, 6, 2, 0, 2, 3, 21, 11, 0, 1, 8, 68, , 143, 194, 3, 105, 13, 4, 30, 36, 10, 5, 3, 3, 1, 0, 3, 0, 4, 3, 0, 9, 2, 20, 16, 0, 1, 3, 79, , 142, 198, 1, 131, 15, 5, 42, 42, 11, 9, 7, 1, 1, 0, 7, 1, 8, 3, 0, 10, 2, 20, 11, 0, 0, 7, 115, , 186, 227, 5, 179, 30, 10, 46, 43, 19, 4, 1, 4, 0, 0, 5, 0, 2, 2, 0, 5, 2, 29, 17, 1, 1, 9, 139, , 199, 228, 1, 166, 30, 3, 38, 43, 17, 8, 7, 1, 2, 1, 9, 0, 6, 2, 0, 7, 5, 21, 8, 0, 0, 10, 172, , 185, 257, 4, 155, 37, 6, 37, 41, 16, 10, 5, 3, 1, 0, 7, 3, 5, 2, 0, 9, 5, 16, 5, 0, 1, 2, 152, , 216, 224, 6, 204, 35, 3, 43, 47, 27, 9, 4, 1, 3, 1, 12, 0, 3, 3, 2, 8, 8, 24, 14, 0, 0, 9, 158, , 231, 191, 2, 182, 26, 7, 41, 39, 20, 10, 1, 3, 1, 2, 8, 2, 4, 4, 1, 7, 7, 11, 10, 0, 0, 4, 169, , 218, 208, 3, 197, 38, 3, 43, 46, 25, 5, 3, 2, 2, 2, 4, 0, 4, 4, 2, 5, 5, 11, 11, 0, 1, 5, 164, , 159, 333, 0, 202, 24, 10, 42, 63, 27, 13, 10, 3, 3, 2, 6, 0, 11, 5, 2, 10, 3, 9, 7, 0, 0, 2, 136, , 192, 303, 2, 202, 18, 7, 43, 76, 32, 13, 3, 2, 2, 1, 6, 4, 9, 4, 3, 8, 2, 13, 6, 0, 3, 4, 133, , 172, 271, 2, 212, 28, 4, 38, 70, 36, 8, 4, 2, 0, 1, 6, 0, 11, 3, 1, 14, 4, 6, 8, 0, 1, 3, 159, , 173, 294, 3, 230, 31, 6, 47, 91, 32, 10, 2, 0, 4, 2, 5, 3, 10, 5, 0, 19, 4, 7, 3, 0, 0, 0, 143, , 161, 279, 3, 279, 15, 6, 35, 91, 28, 10, 3, 3, 3, 1, 10, 3, 20, 4, 1, 17, 11, 2, 4, 0, 0, 0, 131, , 242, 332, 0, 332, 20, 5, 42, 99, 38, 7, 0, 1, 6, 1, 10, 1, 12, 6, 0, 23, 6, 8, 4, 0, 0, 2, 193, , 242, 312, 1, 280, 23, 5, 43, 87, 40, 15, 4, 4, 8, 1, 9, 1, 13, 8, 0, 19, 2, 8, 2, 1, 0, 3, 131, , 220, 266, 1, 218, 18, 3, 40, 80, 32, 8, 2, 4, 0, 0, 10, 2, 9, 1, 0, 26, 7, 4, 4, 0, 2, 0, 264, , 192, 165, 3, 166, 12, 3, 29, 65, 34, 4, 1, 1, 3, 0, 14, 0, 9, 3, 1, 12, 4, 15, 8, 0, 0, 1, 284, , 202, 236, 2, 182, 18, 2, 33, 86, 33, 7, 2, 0, 6, 0, 11, 1, 10, 2, 0, 12, 3, 14, 7, 0, 1, 2, 94, ,
과실치사상죄, 과실치사상, 과실치사상, , , 178, , 237, 7, 13, 10, 8, 11, 25, 41, 3, 21, 4, 2, 2, 3, 7, 0, 7, 0, 12, 17, 11, 2, 15, 144, 20, , 136, , 178, 7, 7, 9, 8, 16, 33, 34, 6, 14, 2, 7, 2, 8, 3, 0, 3, 0, 7, 12, 7, 0, 11, 142, 18, , 135, , 221, 15, 12, 11, 11, 10, 21, 31, 3, 10, 1, 3, 0, 9, 7, 0, 2, 0, 9, 1, 12, 2, 23, 147, 30, 21, 53, 2, 164, 13, 8, 5, 26, 11, 13, 23, 1, 6, 1, 4, 1, 7, 5, 0, 4, 2, 12, 7, 17, 0, 9, 90, , 31, 49, 2, 136, 17, 3, 8, 20, 8, 12, 17, 2, 1, 2, 4, 1, 5, 4, 1, 3, 1, 6, 5, 1, 0, 3, 89, , 28, 41, 1, 137, 17, 10, 5, 25, 5, 3, 18, 1, 1, 1, 6, 2, 13, 5, 1, 6, 2, 6, 7, 1, 0, 10, 107, , 14, 41, 0, 146, 16, 6, 7, 22, 6, 6, 16, 1, 4, 2, 4, 3, 12, 12, 0, 2, 2, 6, 7, 1, 0, 8, 121, , 19, 39, 3, 160, 19, 6, 10, 29, 11, 14, 9, 1, 2, 3, 5, 2, 7, 10, 2, 4, 2, 4, 9, 0, 0, 6, 112, , 33, 41, 1, 186, 30, 12, 8, 43, 11, 5, 9, 1, 5, 3, 3, 3, 7, 11, 1, 2, 3, 13, 9, 1, 2, 11, 146, , 41, 52, 2, 194, 44, 12, 5, 50, 15, 14, 9, 0, 7, 4, 4, 1, 22, 12, 1, 0, 1, 6, 6, 0, 3, 10, 198, , 36, 34, 1, 228, 40, 8, 7, 67, 13, 2, 6, 3, 4, 3, 3, 5, 21, 8, 1, 5, 1, 6, 9, 2, 1, 3, 195, , 25, 34, 0, 227, 27, 7, 12, 62, 12, 17, 9, 2, 2, 6, 3, 5, 11, 13, 1, 5, 5, 6, 5, 0, 2, 3, 186, , 27, 34, 0, 260, 29, 7, 16, 46, 11, 4, 11, 0, 6, 5, 4, 3, 16, 11, 1, 5, 2, 13, 4, 1, 6, 14, 243, , 32, 59, 1, 279, 35, 6, 16, 81, 26, 20, 29, 3, 7, 5, 6, 62, 36, 20, 2, 25, 1, 8, 4, 0, 3, 4, 214, , 41, 53, 2, 358, 36, 6, 7, 106, 18, 20, 35, 1, 6, 12, 3, 60, 25, 21, 1, 22, 8, 16, 1, 0, 3, 4, 205, , 44, 74, 0, 384, 25, 12, 16, 120, 23, 14, 22, 1, 8, 10, 7, 57, 27, 21, 0, 29, 6, 14, 6, 0, 5, 1, 188, , 48, 59, 3, 347, 24, 4, 23, 152, 19, 11, 11, 2, 18, 11, 7, 76, 28, 16, 2, 20, 2, 18, 2, 0, 2, 4, 226, , 45, 64, 1, 403, 42, 7, 19, 160, 25, 16, 12, 2, 15, 13, 6, 74, 35, 13, 0, 23, 2, 8, 1, 2, 2, 5, 226, , 45, 59, 1, 434, 36, 9, 21, 150, 21, 11, 9, 0, 12, 15, 7, 104, 41, 32, 0, 20, 6, 22, 0, 1, 2, 1, 237, , 65, 64, 2, 463, 53, 13, 19, 171, 35, 20, 12, 1, 18, 28, 11, 91, 49, 31, 2, 25, 5, 14, 4, 1, 3, 1, 208, , 61, 49, 2, 416, 51, 10, 13, 193, 31, 11, 21, 1, 33, 11, 8, 84, 41, 29, 2, 24, 6, 12, 2, 0, 6, 3, 433, , 65, 65, 3, 409, 45, 24, 18, 157, 26, 12, 11, 1, 26, 14, 16, 126, 27, 18, 2, 20, 11, 21, 9, 1, 4, 1, 581, , 69, 70, 5, 594, 69, 27, 27, 269, 38, 21, 11, 1, 29, 13, 15, 97, 59, 23, 2, 19, 6, 27, 10, 1, 2, 0, 168, ,
과실치사상죄, 과실치사상, 업무상과실치사상, , , 237, , 773, 17, 7, 31, 6, 52, 353, 726, 13, 163, 11, 23, 3, 11, 12, 3, 132, 3, 35, 130, 27, 0, 52, 723, 36, , 229, , 623, 10, 13, 20, 5, 45, 405, 708, 19, 146, 22, 16, 1, 14, 11, 2, 144, 7, 30, 127, 31, 0, 63, 728, 26, , 225, , 660, 15, 11, 33, 3, 44, 383, 666, 22, 120, 23, 13, 4, 20, 18, 2, 190, 6, 28, 148, 34, 1, 68, 820, 28, 94, 91, 6, 499, 24, 12, 34, 33, 40, 421, 861, 26, 22, 33, 70, 4, 27, 20, 2, 287, 11, 32, 289, 38, 2, 35, 606, , 76, 83, 9, 366, 29, 7, 34, 22, 36, 397, 815, 20, 21, 25, 42, 4, 19, 23, 0, 310, 4, 26, 232, 4, 1, 18, 664, , 86, 84, 11, 393, 32, 9, 31, 27, 44, 353, 843, 17, 23, 22, 50, 4, 28, 13, 4, 280, 9, 33, 305, 5, 0, 21, 658, , 94, 75, 5, 372, 30, 7, 28, 17, 37, 329, 856, 9, 20, 15, 37, 4, 34, 17, 2, 264, 3, 35, 338, 4, 0, 17, 672, , 86, 42, 3, 320, 36, 3, 23, 16, 24, 244, 588, 10, 22, 19, 31, 3, 25, 16, 1, 274, 4, 23, 319, 3, 2, 14, 609, , 74, 44, 8, 371, 42, 4, 29, 13, 32, 260, 497, 16, 17, 16, 26, 8, 35, 14, 1, 271, 5, 20, 335, 1, 0, 23, 712, , 83, 60, 8, 392, 48, 7, 42, 21, 40, 354, 489, 11, 2, 17, 27, 6, 31, 23, 4, 356, 5, 33, 309, 5, 1, 19, 757, , 103, 56, 10, 410, 59, 7, 46, 23, 29, 291, 479, 13, 9, 16, 21, 3, 27, 22, 0, 346, 10, 25, 302, 2, 0, 15, 792, , 90, 39, 4, 425, 46, 6, 46, 18, 29, 276, 491, 14, 6, 8, 13, 5, 18, 21, 1, 326, 11, 21, 319, 0, 0, 18, 736, , 84, 38, 4, 370, 58, 8, 56, 16, 31, 263, 560, 6, 10, 27, 11, 8, 23, 30, 2, 337, 6, 22, 297, 0, 0, 9, 741, , 62, 37, 7, 271, 48, 4, 42, 38, 50, 309, 643, 11, 34, 15, 45, 14, 33, 31, 2, 373, 3, 42, 245, 1, 0, 6, 481, , 43, 40, 3, 300, 58, 6, 49, 73, 42, 323, 466, 12, 24, 6, 42, 22, 42, 30, 0, 387, 4, 29, 237, 3, 0, 5, 437, , 61, 50, 4, 330, 72, 3, 52, 58, 43, 309, 459, 16, 19, 11, 48, 30, 45, 23, 3, 513, 9, 38, 205, 3, 1, 8, 422, , 67, 33, 1, 335, 58, 6, 47, 62, 34, 304, 462, 15, 18, 13, 36, 30, 21, 25, 1, 522, 9, 29, 171, 1, 0, 4, 428, , 55, 40, 5, 342, 65, 3, 44, 61, 51, 331, 431, 17, 15, 7, 43, 11, 31, 35, 0, 486, 5, 40, 141, 3, 1, 2, 364, , 50, 43, 5, 381, 57, 3, 54, 59, 50, 295, 410, 18, 12, 8, 79, 26, 40, 17, 2, 492, 3, 37, 163, 4, 2, 5, 400, , 56, 41, 3, 379, 58, 4, 54, 76, 50, 337, 403, 16, 20, 6, 39, 15, 32, 28, 2, 586, 9, 47, 158, 2, 1, 5, 381, , 62, 34, 5, 322, 66, 4, 51, 72, 41, 324, 399, 14, 19, 3, 52, 23, 24, 16, 1, 616, 3, 34, 159, 2, 0, 4, 532, , 51, 46, 3, 304, 52, 18, 35, 60, 42, 339, 374, 12, 15, 6, 55, 25, 19, 26, 0, 686, 7, 56, 213, 5, 0, 2, 628, , 69, 57, 3, 407, 62, 17, 60, 85, 56, 363, 427, 14, 23, 4, 58, 28, 35, 36, 1, 662, 4, 73, 225, 5, 0, 3, 399, ,
교통범죄, 도로교통, 교통사고처리특례법, , , , , , , , , , , , , , , , , , , , , , , , , , , , , , , , , , , , , , , , , , , , , , , , , , , , , , , , , , , , , , , , , , , , , , , , , , , , , , , , , , , , , , 307, 104, 4572, 242209, 226, 136, 62, 13, 46, 70, 40, 3, 18, 11, 7497, 8, 24, 73, 7, 25, 5, 50, 7, 39, 2, 42, 7575, , 267, 93, 5083, 220047, 227, 95, 121, 17, 48, 72, 44, 5, 71, 6, 10116, 7, 24, 68, 13, 9, 5, 65, 5, 13, 2, 42, 8052, , 298, 142, 5070, 234413, 363, 131, 42, 20, 50, 69, 47, 14, 67, 9, 13760, 8, 22, 69, 12, 20, 7, 103, 12, 11, 3, 44, 8142, , 410, 92, 4680, 221701, 329, 107, 55, 10, 45, 59, 42, 10, 65, 4, 8635, 6, 18, 56, 5, 18, 7, 53, 2, 13, 3, 54, 7934, , 828, 91, 3857, 208333, 287, 127, 52, 21, 74, 49, 31, 6, 42, 4, 7662, 6, 21, 82, 7, 16, 7, 31, 2, 16, 2, 39, 8435, , 1049, 120, 4485, 230527, 251, 147, 49, 21, 60, 52, 36, 4, 62, 7, 8379, 7, 25, 63, 16, 10, 2, 24, 3, 16, 0, 44, 12896, , 512, 122, 4365, 230400, 247, 174, 39, 16, 52, 47, 33, 7, 40, 8, 7948, 5, 30, 79, 3, 14, 6, 33, 4, 14, 0, 33, 11761, , 698, 75, 3902, 213055, 254, 114, 43, 17, 43, 58, 29, 6, 52, 8, 6612, 8, 27, 66, 4, 15, 4, 36, 4, 13, 0, 38, 9279, , 423, 43, 3878, 193251, 237, 86, 25, 11, 28, 53, 19, 4, 95, 11, 5850, 2, 18, 69, 4, 15, 3, 18, 4, 4, 1, 27, 7205, , 430, 46, 3653, 193848, 268, 98, 42, 12, 39, 51, 27, 4, 65, 9, 6119, 3, 23, 95, 8, 17, 8, 30, 5, 20, 0, 32, 7690, , 215, 115, 1613, 203377, 83, 58, 5, 5, 36, 61, 66, 3, 26, 0, 109, 6, 32, 47, 7, 64, 218, 16, 3, 0, 0, 6, 4624, , 213, 10, 1004, 189286, 51, 34, 3, 2, 17, 42, 39, 2, 18, 2, 105, 4, 27, 34, 9, 46, 34, 16, 0, 1, 0, 9, 4052, , 288, 18, 714, 185905, 66, 35, 3, 6, 25, 31, 36, 0, 18, 1, 94, 4, 30, 43, 4, 35, 3, 9, 2, 1, 0, 6, 3742, , 261, 20, 944, 188365, 73, 28, 6, 1, 41, 25, 39, 3, 16, 2, 87, 2, 123, 61, 12, 26, 4, 21, 2, 1, 0, 10, 2320, , 216, 5, 913, 182949, 75, 25, 1, 5, 126, 48, 31, 5, 19, 0, 70, 10, 223, 43, 4, 28, 8, 32, 0, 3, 0, 10, 2178, , 284, 7, 944, 195151, 86, 75, 0, 2, 136, 37, 22, 4, 26, 0, 88, 9, 196, 45, 3, 35, 2, 25, 0, 1, 0, 8, 2630, , 142, 11, 489, 196218, 55, 30, 0, 0, 64, 11, 18, 1, 14, 0, 74, 2, 60, 24, 0, 16, 2, 15, 1, 1, 0, 4, 1123, , 20, 3, 226, 187809, 7, 1, 0, 0, 14, 4, 5, 1, 7, 0, 29, 0, 1, 4, 0, 9, 1, 3, 1, 0, 0, 1, 1462, , 6, 0, 242, 191170, 6, 3, 0, 1, 3, 5, 4, 1, 4, 0, 21, 3, 2, 2, 0, 7, 0, 2, 3, 0, 0, 1, 1998, , 9, 0, 134, 185361, 8, 3, 0, 1, 6, 3, 3, 1, 2, 0, 25, 0, 2, 0, 0, 5, 1, 4, 7, 0, 0, 0, 195, ,
교통범죄, 도로교통, 도로교통법, , , , , , , , , , , , , , , , , , , , , , , , , , , , , , , , , , , , , , , , , , , , , , , , , , , , , , , , , , , , , , , , , , , , , , , , , , , , , , , , , , , , , , , , , , , , , , , , , , , , , , , , , , , , , , , , , , , , , , , , , , , , , , , , , , , , , , , , , , , , , , , , , , , , , , , , , , , , , , , , , , , , , , , , , , , , , , , , , , , , , , , , , , , , , , , , , , , , , , , , , , , , , , , , , , , , , , , , , , , , , , , , , , , , , , , , , , , , , , , , , , , , , , , , , , , , , , 1042, 124, 4116, 322352, 294, 174, 109, 36, 83, 55, 12, 12, 44, 10, 17608, 3, 46, 55, 8, 14, 7, 20, 3, 14, 1, 69, 15997, , 839, 121, 4100, 360524, 293, 123, 108, 34, 98, 43, 7, 11, 83, 14, 13974, 3, 40, 41, 7, 14, 3, 28, 2, 27, 1, 64, 14969, , 597, 92, 3650, 349749, 495, 231, 100, 34, 82, 126, 14, 4, 122, 15, 11780, 2, 21, 27, 8, 8, 3, 21, 2, 25, 1, 33, 15069, , 689, 113, 3985, 291981, 348, 82, 121, 18, 99, 20, 26, 5, 31, 18, 11096, 3, 23, 21, 6, 16, 4, 33, 2, 91, 2, 27, 14734, , 247, 97, 503, 62777, 60, 21, 7, 14, 39, 16, 15, 0, 2, 0, 20, 0, 13, 12, 5, 24, 70, 4, 0, 0, 0, 10, 2176, , 207, 56, 594, 70914, 49, 13, 9, 22, 53, 11, 11, 1, 4, 0, 32, 2, 8, 15, 2, 16, 19, 5, 1, 1, 0, 8, 2068, , 198, 24, 290, 57318, 40, 9, 5, 3, 38, 3, 5, 0, 1, 0, 7, 2, 7, 4, 2, 21, 1, 5, 0, 0, 0, 4, 1739, , 198, 24, 337, 56920, 36, 10, 7, 10, 62, 3, 16, 1, 3, 0, 6, 3, 37, 7, 3, 15, 0, 4, 0, 0, 0, 3, 1261, , 144, 16, 339, 49631, 33, 6, 11, 9, 71, 4, 12, 0, 3, 0, 9, 2, 75, 4, 1, 12, 1, 9, 2, 0, 0, 3, 1095, , 133, 16, 274, 38433, 25, 6, 2, 6, 60, 6, 11, 3, 0, 0, 149, 0, 52, 6, 0, 10, 1, 9, 0, 0, 0, 9, 1150, , 65, 15, 211, 42824, 25, 6, 2, 2, 76, 0, 7, 0, 2, 0, 14, 0, 21, 5, 2, 4, 0, 1, 0, 0, 0, 3, 704, , 29, 8, 138, 50649, 4, 2, 0, 3, 42, 1, 4, 0, 0, 0, 7, 0, 1, 4, 0, 7, 1, 0, 0, 0, 0, 0, 1647, , 36, 1, 143, 78060, 10, 5, 2, 1, 16, 0, 5, 0, 1, 0, 5, 0, 0, 2, 0, 0, 0, 3, 0, 0, 0, 3, 3118, , 67, 11, 140, 91302, 19, 10, 4, 5, 18, 5, 6, 0, 4, 0, 15, 0, 5, 3, 0, 3, 0, 7, 2, 1, 0, 1, 1456, ,
마약범죄, 아편에 관한 죄, , , , 1, , 0, 0, 0, 0, 0, 0, 0, 0, 0, 0, 0, 0, 0, 0, 0, 0, 0, 0, 0, 0, 0, 0, 0, 0, 1, , 3, , 0, 0, 0, 0, 0, 0, 0, 0, 0, 0, 0, 0, 0, 0, 0, 0, 0, 0, 0, 0, 0, 0, 0, 4, 0, , 1, , 3, 1, 0, 0, 0, 1, 1, 0, 0, 0, 0, 0, 0, 0, 0, 0, 0, 0, 0, 0, 0, 0, 0, 0, 1, , , , , , , , , , , , , , , , , , , , , , , , , , , , , , , , , , , , , , , , , , , , , , , , , , , , , , , , , , , , , , , , , , , , , , , , , , , , , , , , , , , , , , , , , , , , , , , , , , , , , , , , , , , , , , , , , , , , , , , , , , , , , , , , , , , , , , , , , , , , , , , , , , , , , , , , , , , , , , , , , , , , , , , , , , , , , , , , , , , , , , , , , , , , , , , , , , , , , , , , , , , , , , , , , , , , , , , , , , , , , , , , , , , , , , , , , , , , , , , , , , , , , , , , , , , , , , , , , , , , , , , , , , , , , , , , , , , , , , , , , , , , , , , , , , , , , , , , , , , , , , , , , , , , , , , , , , , , , , , , , , , , , , , , , , , , , , , , , , , , , , , , , , , , , , , , , , , , , , , , , , , , , , , , , , , , , , , , , , , , , , , , , , , , , , , , , , , , , , , , , , , , , , , , , , , , , , , , , , , , , , , , , , , , , , , , , , , , , , , , , , , , , , , , , , , , , , , , , , , , , , , , , , , , , , , , , , , , , , , , , , , , , , , , , , , , , , , , , , , , , , , , , , , , , , , , , , , , , , , , , , , , , , , , , , , , , , , , , , , , , , , , , , , , , , , , , , , , , , , , ,
사생활침해범죄, 주거침입, 주거침입, , , 514, , 0, 17, 0, 19, 4, 17, 12, 3, 4, 0, 2, 0, 0, 0, 8, 1, 1, 4, 0, 0, 1, 1, 0, 94, 22, , 484, , 1, 12, 0, 10, 0, 25, 15, 1, 1, 1, 3, 0, 2, 0, 3, 0, 1, 5, 0, 0, 1, 1, 0, 98, 9, , 559, , 0, 27, 0, 8, 4, 35, 16, 0, 5, 0, 1, 2, 0, 0, 2, 1, 2, 2, 1, 0, 0, 0, 0, 101, 16, 230, 519, 0, 15, 48, 2, 33, 26, 48, 21, 5, 2, 0, 1, 0, 1, 0, 7, 1, 1, 3, 1, 2, 0, 0, 0, 109, , 206, 438, 0, 14, 38, 3, 19, 15, 45, 24, 2, 2, 0, 0, 1, 0, 1, 7, 1, 1, 6, 1, 0, 0, 0, 2, 105, , 274, 458, 1, 29, 63, 2, 22, 50, 69, 23, 1, 5, 1, 0, 0, 0, 0, 166, 1, 3, 4, 0, 1, 0, 0, 0, 134, , 314, 439, 0, 22, 63, 2, 17, 26, 65, 28, 3, 2, 1, 0, 3, 0, 0, 74, 4, 4, 10, 2, 0, 0, 0, 3, 185, , 386, 522, 1, 65, 64, 6, 21, 38, 61, 34, 4, 7, 0, 0, 1, 0, 1, 64, 1, 4, 12, 3, 2, 1, 0, 2, 234, , 520, 635, 0, 33, 68, 8, 28, 28, 80, 34, 2, 5, 1, 1, 1, 0, 0, 32, 2, 4, 16, 1, 12, 1, 0, 3, 295, , 574, 725, 2, 32, 89, 1, 39, 28, 84, 31, 4, 6, 0, 0, 1, 0, 0, 10, 3, 6, 11, 0, 2, 2, 0, 1, 335, , 524, 695, 1, 79, 74, 1, 45, 19, 92, 50, 8, 4, 1, 0, 2, 0, 0, 22, 2, 9, 16, 1, 3, 1, 0, 1, 336, , 532, 597, 0, 96, 92, 5, 47, 22, 123, 45, 10, 6, 2, 0, 3, 0, 1, 23, 2, 14, 18, 1, 4, 1, 0, 1, 355, , 614, 656, 4, 184, 129, 4, 54, 20, 134, 33, 4, 14, 1, 0, 5, 0, 0, 15, 0, 8, 17, 3, 6, 0, 1, 6, 336, , 375, 846, 0, 44, 62, 1, 32, 43, 122, 33, 10, 5, 1, 0, 5, 2, 0, 16, 1, 8, 23, 5, 1, 0, 0, 0, 300, , 460, 893, 0, 54, 66, 3, 60, 72, 134, 44, 7, 11, 0, 1, 2, 1, 4, 15, 0, 7, 27, 6, 2, 1, 0, 1, 307, , 795, 1862, 2, 103, 96, 4, 112, 144, 186, 61, 13, 17, 2, 0, 4, 5, 5, 37, 6, 21, 41, 12, 3, 0, 0, 1, 464, , 924, 2332, 1, 177, 109, 3, 115, 157, 207, 81, 12, 19, 5, 3, 4, 3, 6, 52, 8, 23, 70, 8, 2, 2, 0, 2, 538, , 1078, 2697, 0, 184, 161, 3, 165, 207, 258, 65, 9, 26, 3, 1, 4, 7, 12, 62, 1, 20, 63, 10, 1, 1, 0, 0, 596, , 1135, 2741, 0, 236, 120, 2, 209, 193, 287, 64, 14, 28, 6, 0, 6, 3, 4, 65, 2, 36, 56, 9, 3, 0, 4, 2, 604, , 1254, 2454, 0, 153, 141, 2, 175, 197, 279, 72, 17, 26, 5, 0, 7, 9, 5, 56, 4, 36, 65, 17, 1, 0, 0, 2, 586, , 1195, 1848, 0, 82, 98, 2, 139, 188, 284, 72, 23, 13, 12, 2, 6, 5, 5, 48, 4, 29, 50, 15, 0, 0, 0, 2, 2345, , 1236, 2020, 0, 135, 86, 44, 128, 179, 270, 74, 18, 18, 14, 0, 13, 3, 3, 66, 2, 25, 48, 10, 1, 2, 0, 2, 3377, , 2151, 3503, 1, 270, 178, 88, 235, 347, 343, 107, 29, 26, 6, 3, 3, 5, 8, 88, 6, 46, 115, 17, 1, 0, 0, 1, 828, ,
성범죄, 강간, 강간, , , 1663, , 804, 35, 13, 760, 73, 85, 36, 29, 14, 31, 17, 66, 4, 41, 50, 0, 8, 10, 284, 6, 9, 5, 132, 798, 202, , 1798, , 778, 56, 22, 750, 78, 119, 43, 23, 17, 32, 7, 84, 9, 75, 64, 5, 11, 16, 262, 5, 5, 3, 120, 847, 218, , 2337, , 953, 81, 27, 1099, 111, 170, 60, 18, 30, 41, 7, 139, 23, 84, 60, 2, 20, 17, 333, 1, 10, 10, 158, 967, 293, 587, 1355, 17, 977, 162, 24, 1002, 382, 140, 36, 28, 26, 8, 7, 129, 23, 91, 66, 2, 24, 18, 293, 5, 12, 3, 124, 924, , 495, 951, 8, 725, 97, 18, 789, 306, 104, 25, 27, 9, 10, 5, 147, 14, 56, 45, 2, 23, 11, 180, 3, 1, 1, 84, 803, , 611, 1075, 7, 861, 126, 11, 829, 360, 118, 33, 31, 15, 9, 9, 144, 14, 54, 59, 1, 22, 6, 163, 1, 0, 4, 79, 1051, , 573, 1024, 14, 886, 131, 7, 842, 351, 126, 21, 22, 13, 11, 6, 182, 14, 35, 36, 0, 28, 14, 146, 2, 2, 3, 68, 1113, , 656, 929, 6, 1052, 162, 22, 887, 334, 127, 22, 16, 8, 10, 10, 180, 25, 45, 36, 2, 28, 7, 112, 2, 1, 6, 62, 1275, , 712, 948, 8, 1000, 220, 18, 989, 376, 124, 29, 10, 12, 16, 11, 184, 24, 38, 44, 3, 38, 13, 119, 1, 0, 2, 53, 1420, , 791, 971, 10, 1213, 199, 18, 1042, 420, 150, 19, 12, 12, 19, 10, 217, 33, 38, 46, 1, 43, 10, 96, 2, 2, 4, 54, 1554, , 761, 828, 5, 1296, 219, 20, 1113, 431, 141, 20, 15, 9, 11, 15, 204, 29, 28, 46, 1, 41, 43, 94, 2, 4, 3, 52, 1488, , 1295, 1273, 17, 1555, 241, 20, 1356, 482, 152, 22, 13, 13, 31, 387, 275, 28, 34, 68, 0, 47, 26, 101, 3, 4, 11, 62, 1919, , 1429, 1200, 13, 1740, 319, 20, 1426, 419, 160, 33, 21, 15, 49, 542, 329, 31, 31, 85, 5, 45, 24, 110, 2, 1, 20, 63, 2233, , 1041, 1905, 25, 1788, 227, 29, 1743, 706, 182, 30, 20, 10, 46, 609, 203, 33, 106, 95, 5, 65, 30, 61, 13, 2, 18, 28, 2085, , 1188, 1997, 18, 1989, 235, 24, 1775, 840, 188, 15, 25, 17, 62, 534, 207, 37, 111, 106, 5, 80, 36, 46, 1, 1, 9, 22, 2189, , 1594, 2161, 17, 2249, 241, 18, 2078, 955, 194, 14, 27, 25, 79, 735, 302, 42, 134, 110, 4, 92, 44, 45, 2, 0, 9, 15, 2387, , 1422, 2110, 17, 2465, 230, 25, 2079, 939, 194, 23, 17, 22, 66, 701, 292, 37, 127, 122, 10, 101, 43, 53, 0, 3, 5, 13, 2518, , 1679, 2586, 13, 2787, 266, 12, 2232, 931, 255, 20, 18, 16, 87, 618, 317, 41, 166, 201, 11, 84, 45, 30, 1, 5, 12, 11, 2650, , 1668, 2776, 10, 2788, 369, 16, 2425, 1094, 276, 24, 10, 14, 148, 820, 343, 40, 175, 138, 9, 94, 44, 37, 1, 5, 5, 5, 2822, , 2371, 2927, 18, 3488, 390, 26, 2798, 1362, 352, 26, 12, 24, 298, 1339, 551, 65, 227, 188, 17, 147, 64, 37, 2, 1, 14, 11, 3184, , 2082, 2493, 14, 2765, 351, 29, 2452, 1309, 327, 30, 15, 22, 435, 1227, 552, 31, 170, 150, 17, 138, 53, 39, 2, 4, 3, 7, 7317, , 1817, 2070, 9, 2604, 454, 91, 2145, 1369, 383, 27, 11, 13, 523, 760, 808, 31, 150, 144, 9, 130, 43, 58, 42, 5, 4, 7, 7639, , 2842, 3001, 14, 4969, 826, 176, 3369, 2632, 755, 65, 13, 18, 1143, 1098, 1361, 83, 238, 240, 38, 262, 58, 68, 135, 5, 13, 7, 3490, ,
재산범죄, 사기_공갈, 공갈, , , 105, , 203, 12, 12, 19, 20, 55, 4, 5, 0, 5, 6, 4, 8, 2, 43, 1, 0, 0, 3, 0, 2, 0, 8, 151, 68, , 130, , 191, 13, 6, 38, 16, 69, 7, 0, 0, 6, 4, 1, 8, 3, 31, 5, 5, 2, 2, 0, 0, 1, 6, 251, 64, , 125, , 266, 21, 12, 31, 39, 102, 6, 3, 0, 4, 0, 2, 12, 5, 74, 9, 6, 2, 9, 0, 0, 2, 10, 235, 100, 33, 88, 1, 261, 30, 13, 35, 98, 127, 8, 5, 3, 5, 2, 7, 20, 9, 46, 9, 5, 3, 4, 7, 1, 2, 7, 276, , 39, 96, 3, 385, 37, 10, 25, 71, 109, 11, 4, 0, 10, 2, 8, 34, 10, 268, 6, 2, 2, 5, 0, 0, 1, 12, 326, , 50, 82, 2, 378, 50, 8, 24, 49, 117, 8, 8, 2, 13, 3, 6, 18, 12, 141, 11, 3, 0, 2, 1, 1, 0, 8, 367, , 59, 68, 2, 395, 50, 8, 22, 50, 116, 7, 7, 0, 6, 3, 8, 15, 11, 140, 18, 3, 5, 2, 0, 0, 0, 10, 367, , 70, 102, 0, 331, 53, 7, 10, 52, 92, 8, 4, 2, 7, 2, 7, 11, 6, 102, 7, 8, 1, 4, 0, 0, 1, 8, 371, , 96, 81, 3, 389, 62, 11, 26, 48, 128, 2, 5, 1, 11, 2, 4, 11, 5, 83, 19, 8, 5, 0, 2, 1, 0, 10, 472, , 83, 82, 1, 506, 67, 12, 33, 50, 164, 11, 7, 0, 3, 4, 11, 17, 10, 170, 18, 9, 4, 4, 1, 2, 2, 11, 548, , 141, 120, 3, 531, 131, 57, 106, 145, 179, 26, 5, 2, 4, 4, 10, 27, 2, 180, 22, 21, 2, 5, 2, 0, 4, 5, 761, , 101, 81, 3, 366, 82, 15, 22, 61, 160, 12, 6, 2, 8, 2, 6, 28, 4, 188, 17, 11, 5, 3, 0, 0, 1, 1, 589, , 141, 111, 2, 543, 167, 15, 56, 179, 185, 15, 14, 1, 4, 3, 11, 20, 3, 142, 28, 14, 3, 2, 0, 0, 1, 10, 791, , 81, 144, 0, 546, 116, 29, 64, 242, 229, 12, 11, 2, 2, 4, 4, 29, 18, 85, 39, 12, 11, 5, 0, 3, 5, 4, 574, , 108, 106, 0, 584, 66, 5, 31, 189, 177, 9, 14, 1, 6, 7, 2, 22, 25, 90, 17, 9, 11, 1, 0, 1, 0, 2, 484, , 161, 144, 5, 945, 124, 10, 56, 254, 208, 8, 10, 0, 13, 9, 5, 35, 43, 86, 36, 21, 12, 4, 0, 0, 2, 8, 677, , 200, 184, 0, 1137, 120, 6, 62, 244, 204, 9, 17, 2, 20, 11, 9, 21, 64, 122, 109, 23, 17, 6, 0, 1, 3, 7, 730, , 203, 179, 3, 1943, 141, 6, 65, 315, 215, 20, 20, 2, 16, 7, 9, 25, 93, 249, 70, 16, 10, 4, 0, 0, 4, 9, 825, , 334, 303, 3, 2373, 241, 13, 132, 505, 466, 119, 37, 5, 15, 12, 17, 37, 117, 356, 87, 27, 13, 8, 0, 2, 2, 4, 1326, , 218, 180, 3, 2154, 152, 43, 58, 382, 489, 37, 101, 4, 27, 12, 25, 19, 124, 190, 51, 38, 16, 7, 2, 1, 1, 1, 898, , 183, 186, 0, 1757, 150, 11, 52, 356, 272, 11, 11, 2, 33, 4, 17, 13, 104, 166, 27, 26, 9, 2, 0, 1, 1, 3, 1956, , 206, 216, 1, 1800, 168, 54, 66, 547, 581, 33, 25, 0, 24, 3, 23, 12, 80, 379, 26, 30, 8, 11, 3, 1, 1, 3, 2581, , 300, 285, 2, 1618, 132, 50, 98, 415, 268, 11, 23, 0, 21, 5, 29, 9, 80, 164, 33, 29, 6, 10, 3, 0, 6, 1, 858, ,
재산범죄, 손괴, 손괴, , , 688, , 917, 109, 60, 42, 18, 185, 60, 36, 9, 42, 9, 21, 2, 9, 13, 3, 9, 7, 98, 60, 3, 4, 77, 725, 190, , 619, , 830, 96, 41, 36, 15, 191, 45, 36, 8, 42, 14, 14, 10, 8, 8, 9, 6, 7, 108, 49, 1, 5, 84, 712, 168, , 732, , 897, 97, 48, 30, 27, 218, 51, 46, 9, 30, 8, 18, 5, 13, 6, 5, 10, 17, 112, 66, 4, 1, 96, 766, 171, 212, 632, 9, 1220, 229, 42, 59, 166, 261, 74, 85, 11, 6, 2, 24, 12, 7, 8, 9, 24, 9, 168, 161, 0, 0, 89, 910, , 206, 517, 7, 1073, 211, 31, 51, 171, 246, 71, 98, 5, 9, 2, 27, 8, 9, 11, 14, 7, 14, 117, 99, 0, 3, 87, 991, , 269, 579, 7, 1191, 222, 31, 62, 1477, 238, 59, 85, 12, 6, 3, 26, 6, 7, 14, 12, 15, 10, 125, 82, 2, 1, 69, 1170, , 317, 537, 8, 1352, 264, 32, 72, 127, 227, 67, 85, 9, 10, 2, 34, 2, 7, 18, 10, 13, 14, 121, 155, 1, 2, 66, 1340, , 450, 491, 14, 1732, 287, 48, 64, 111, 234, 55, 57, 8, 13, 4, 35, 1, 10, 19, 21, 19, 17, 106, 127, 0, 1, 47, 1442, , 505, 680, 9, 1943, 463, 49, 104, 171, 336, 74, 61, 14, 13, 11, 38, 12, 9, 18, 15, 25, 19, 129, 161, 0, 1, 79, 1866, , 1325, 882, 16, 5131, 580, 98, 124, 213, 404, 90, 68, 15, 27, 8, 64, 14, 29, 61, 24, 35, 32, 173, 135, 3, 0, 150, 3188, , 1347, 895, 21, 5830, 609, 94, 164, 200, 398, 125, 70, 25, 22, 6, 66, 9, 14, 78, 35, 40, 25, 146, 153, 3, 3, 158, 3438, , 1108, 848, 19, 5198, 571, 76, 144, 197, 379, 80, 80, 19, 19, 7, 83, 8, 18, 49, 38, 23, 34, 156, 125, 1, 5, 101, 2889, , 1143, 842, 24, 4702, 694, 70, 148, 159, 409, 94, 106, 25, 15, 8, 51, 15, 13, 61, 47, 46, 30, 150, 143, 2, 4, 100, 3133, , 554, 1026, 16, 3472, 446, 32, 163, 513, 461, 92, 153, 13, 32, 13, 38, 13, 30, 39, 41, 47, 54, 280, 109, 0, 1, 57, 2873, , 723, 1088, 27, 4062, 502, 47, 145, 634, 572, 109, 125, 27, 32, 11, 28, 33, 22, 54, 50, 56, 52, 323, 99, 2, 1, 76, 3444, , 1608, 2445, 24, 11991, 1018, 83, 505, 2482, 794, 129, 144, 38, 73, 43, 64, 96, 53, 159, 94, 132, 97, 443, 112, 0, 2, 79, 6231, , 2032, 3128, 34, 16534, 1397, 114, 772, 3520, 947, 141, 139, 42, 93, 61, 88, 46, 89, 150, 183, 157, 137, 460, 89, 0, 1, 94, 8133, , 2309, 3325, 21, 17756, 1413, 94, 817, 3279, 971, 141, 166, 49, 75, 56, 109, 67, 63, 170, 179, 174, 145, 495, 37, 0, 2, 78, 8810, , 2329, 3446, 38, 18635, 1520, 89, 814, 3421, 1138, 136, 153, 53, 99, 33, 116, 50, 100, 149, 181, 169, 151, 495, 74, 0, 2, 63, 9497, , 3122, 3172, 32, 22193, 2054, 142, 907, 3539, 1183, 158, 217, 67, 100, 41, 101, 45, 115, 239, 176, 194, 159, 624, 87, 1, 1, 76, 11821, , 2737, 2730, 24, 18612, 1426, 119, 738, 2899, 893, 155, 230, 60, 104, 12, 91, 15, 78, 165, 133, 138, 134, 790, 104, 1, 1, 64, 29098, , 2116, 2306, 26, 14624, 971, 430, 682, 2537, 745, 146, 175, 46, 107, 14, 138, 25, 78, 143, 92, 108, 110, 879, 183, 1, 4, 48, 34527, , 3660, 3789, 30, 26802, 1818, 798, 1223, 4563, 1122, 185, 219, 80, 167, 25, 225, 54, 126, 199, 176, 187, 182, 1154, 113, 2, 4, 46, 11347, ,
재산범죄, 장물, 장물, , , 208, , 207, 129, 22, 86, 9, 56, 38, 11, 54, 9, 6, 3, 0, 0, 16, 1, 1, 1, 3, 9, 0, 0, 9, 222, 48, , 196, , 272, 116, 29, 10, 8, 61, 53, 3, 9, 7, 1, 3, 1, 1, 16, 7, 5, 1, 1, 3, 0, 2, 16, 197, 27, , 178, , 200, 116, 20, 20, 7, 60, 23, 4, 8, 12, 5, 4, 1, 5, 13, 5, 1, 14, 5, 3, 0, 0, 13, 240, 14, 67, 117, 0, 258, 164, 14, 17, 37, 55, 33, 5, 18, 2, 3, 10, 5, 2, 14, 4, 1, 1, 6, 4, 0, 1, 8, 317, , 49, 102, 0, 210, 119, 12, 15, 31, 53, 27, 4, 10, 5, 1, 8, 3, 0, 7, 7, 1, 0, 3, 6, 0, 1, 8, 227, , 30, 73, 3, 241, 133, 9, 9, 19, 50, 31, 6, 9, 2, 1, 6, 2, 0, 12, 3, 0, 0, 0, 7, 1, 0, 7, 250, , 29, 57, 0, 198, 159, 14, 8, 18, 50, 20, 6, 9, 4, 1, 5, 1, 2, 11, 1, 3, 3, 5, 26, 1, 0, 7, 295, , 54, 91, 1, 298, 269, 17, 7, 16, 61, 30, 12, 20, 2, 1, 2, 3, 1, 6, 3, 1, 2, 1, 321, 3, 0, 15, 519, , 65, 100, 0, 403, 501, 46, 55, 38, 135, 50, 9, 20, 1, 1, 15, 7, 1, 11, 5, 2, 1, 6, 28, 0, 0, 11, 694, , 60, 73, 2, 365, 350, 18, 13, 21, 80, 50, 5, 101, 0, 0, 6, 2, 1, 5, 7, 1, 2, 2, 28, 1, 0, 10, 573, , 73, 61, 3, 276, 316, 8, 20, 22, 60, 33, 13, 13, 2, 1, 9, 2, 0, 4, 6, 0, 8, 4, 71, 0, 0, 7, 469, , 33, 34, 3, 245, 212, 11, 8, 6, 104, 23, 9, 11, 1, 1, 6, 1, 1, 4, 7, 0, 1, 3, 160, 0, 0, 5, 529, , 28, 32, 3, 195, 231, 7, 4, 9, 81, 20, 9, 36, 2, 1, 7, 2, 1, 3, 4, 1, 0, 2, 22, 1, 0, 5, 439, , 29, 32, 0, 269, 383, 7, 3, 41, 90, 15, 12, 8, 13, 0, 13, 2, 4, 5, 12, 2, 0, 5, 425, 1, 0, 2, 208, , 41, 59, 3, 629, 1095, 247, 7, 20, 128, 72, 11, 13, 90, 6, 13, 1, 7, 3, 39, 1, 1, 5, 711, 0, 0, 3, 342, , 42, 89, 2, 425, 1019, 11, 12, 55, 78, 51, 57, 35, 8, 8, 84, 7, 10, 2, 13, 3, 1, 5, 18, 0, 0, 3, 394, , 99, 177, 2, 489, 915, 11, 16, 46, 202, 143, 23, 73, 11, 6, 9, 7, 13, 10, 54, 5, 4, 23, 94, 0, 0, 9, 609, , 36, 109, 1, 471, 724, 9, 6, 25, 137, 94, 14, 73, 4, 1, 5, 1, 16, 5, 42, 1, 3, 2, 12, 0, 0, 5, 416, , 62, 106, 0, 587, 1417, 10, 15, 25, 144, 75, 43, 165, 7, 4, 12, 3, 11, 13, 52, 5, 2, 15, 0, 0, 0, 6, 602, , 88, 130, 1, 483, 1188, 21, 11, 39, 271, 177, 41, 57, 8, 8, 13, 5, 6, 15, 26, 5, 1, 8, 14, 0, 0, 15, 575, , 80, 113, 4, 374, 874, 14, 14, 22, 191, 117, 27, 51, 13, 1, 14, 1, 7, 5, 25, 5, 2, 16, 2, 0, 0, 4, 630, , 73, 91, 0, 1660, 510, 38, 33, 52, 124, 109, 13, 16, 71, 6, 52, 10, 15, 26, 32, 57, 1, 14, 27, 0, 0, 0, 826, , 98, 192, 2, 3043, 765, 50, 72, 191, 236, 84, 12, 538, 96, 8, 196, 6, 22, 51, 146, 6, 8, 2, 4, 0, 0, 0, 663, ,
재산범죄, 절도, 절도, , , 24135, , 24802, 6461, 1513, 3634, 904, 3644, 2224, 520, 660, 2105, 2645, 1136, 247, 139, 560, 235, 360, 281, 317, 110, 71, 7, 919, 7636, 1859, , 19882, , 20116, 5515, 1253, 3057, 781, 3638, 1459, 388, 656, 1708, 5281, 1470, 251, 128, 396, 199, 327, 277, 281, 66, 64, 5, 758, 7406, 1732, , 15021, , 15361, 5248, 1131, 2057, 693, 3218, 1083, 330, 538, 1064, 3318, 881, 217, 104, 430, 199, 287, 259, 184, 56, 51, 1, 691, 6446, 1624, 5650, 9508, 55, 19059, 6264, 693, 2017, 1883, 3209, 1155, 471, 338, 278, 502, 990, 236, 199, 385, 205, 319, 203, 243, 124, 61, 32, 626, 6427, , 5530, 8337, 38, 22121, 5669, 529, 1963, 1608, 3487, 1023, 495, 348, 722, 546, 1094, 227, 130, 341, 203, 274, 150, 214, 105, 16, 11, 579, 7410, , 6981, 9205, 41, 25334, 6300, 576, 2191, 1443, 3767, 1072, 520, 350, 584, 433, 1165, 176, 129, 352, 275, 364, 155, 158, 77, 13, 11, 562, 8596, , 8622, 10274, 54, 30350, 6927, 599, 2419, 1464, 4427, 1154, 585, 430, 724, 456, 1506, 168, 111, 465, 339, 415, 245, 219, 162, 17, 11, 622, 10627, , 9664, 11025, 47, 30757, 8209, 650, 2195, 1360, 4588, 1589, 837, 642, 920, 543, 1428, 205, 152, 642, 356, 444, 233, 317, 444, 22, 7, 680, 13752, , 10357, 11906, 58, 25253, 8937, 978, 2165, 1721, 4465, 1344, 686, 634, 734, 501, 1541, 287, 152, 578, 399, 487, 346, 296, 443, 20, 8, 673, 14809, , 25255, 23306, 133, 52352, 15938, 1106, 4711, 2868, 8892, 2165, 1121, 1106, 669, 604, 2434, 625, 269, 853, 1140, 952, 729, 459, 597, 61, 15, 1060, 25288, , 27807, 22003, 118, 53205, 16810, 1051, 5855, 3511, 9262, 2003, 1138, 1034, 532, 596, 2468, 452, 260, 1280, 2785, 1120, 623, 474, 211, 26, 12, 809, 26056, , 23146, 16624, 121, 49090, 21118, 1379, 5531, 3321, 8525, 1723, 1106, 739, 536, 497, 1904, 586, 209, 1524, 10966, 990, 706, 409, 244, 48, 10, 569, 27587, , 24901, 16311, 152, 51005, 21128, 1291, 6270, 2829, 9474, 2130, 1232, 1009, 360, 482, 1778, 380, 211, 1104, 13153, 1111, 772, 443, 196, 31, 13, 637, 29468, , 12964, 22598, 111, 42185, 16315, 807, 5953, 6422, 6740, 1808, 1767, 859, 334, 463, 835, 660, 549, 1910, 3075, 1403, 871, 814, 140, 9, 2, 327, 24929, , 20142, 27861, 158, 51351, 17439, 717, 7473, 8456, 7676, 2197, 1975, 1147, 454, 538, 778, 1199, 831, 1974, 2256, 1713, 1083, 1065, 182, 14, 4, 489, 31942, , 18535, 26959, 341, 52638, 18588, 593, 7084, 8586, 6706, 2114, 2044, 1155, 440, 619, 1079, 1005, 695, 1626, 2666, 2006, 1136, 1149, 53, 21, 1, 361, 32545, , 20586, 31306, 143, 56669, 21186, 628, 7641, 9410, 7151, 3322, 2291, 1652, 457, 506, 1088, 597, 852, 1915, 3198, 1966, 1373, 1439, 60, 20, 2, 395, 36677, , 21116, 32542, 97, 58173, 22679, 608, 7587, 10534, 8042, 3681, 3123, 2285, 442, 512, 1293, 525, 1009, 1958, 3937, 2047, 1369, 2012, 57, 40, 1, 452, 37143, , 22282, 36313, 104, 62288, 31046, 766, 8563, 15217, 7874, 2820, 3162, 2185, 587, 509, 1803, 714, 1116, 3394, 4913, 2567, 2175, 1700, 481, 46, 4, 317, 43734, , 25389, 37787, 151, 62560, 29977, 1239, 9203, 16053, 8416, 3540, 4003, 2329, 881, 737, 2249, 631, 1532, 3203, 5888, 2719, 2293, 2393, 50, 81, 4, 366, 44333, , 19599, 26349, 122, 46154, 22278, 1122, 8306, 13682, 6605, 2909, 3473, 1925, 805, 586, 2355, 622, 1031, 2082, 5666, 2242, 1428, 2511, 74, 49, 1, 252, 109333, , 14875, 20534, 128, 40657, 20412, 3138, 10439, 14951, 4848, 2140, 2842, 1543, 961, 604, 4051, 578, 1548, 3337, 5546, 2194, 1139, 2502, 323, 26, 4, 125, 133629, , 22868, 30435, 179, 65971, 33990, 5248, 15506, 25453, 6720, 2660, 4288, 2348, 1701, 823, 6370, 931, 2663, 4331, 8012, 3207, 1698, 3722, 416, 20, 4, 169, 41108, ,
폭력범죄, 상해_폭행, 기타_상해_폭행, 폭력행위등처벌에관한법률, , , , , , , , , , , , , , , , , , , , , , , , , , , , , , , , , , , , , , , , , , , , , , , , , , , , , , , , , , , , , , , , , , , , , , , , , , , , , , , , , , , , , 6011, 13288, 201, 76488, 5661, 1629, 3502, 22972, 4060, 1209, 1033, 73, 450, 273, 1418, 1221, 795, 974, 66, 594, 207, 465, 370, 414, 76, 1006, 15868, , 6195, 11613, 167, 72352, 5721, 1465, 3185, 21640, 3585, 884, 872, 59, 414, 236, 1375, 1087, 643, 1687, 77, 499, 205, 394, 321, 51, 97, 901, 18137, , 7514, 11398, 193, 75965, 6727, 1369, 2993, 20995, 3806, 801, 822, 86, 414, 240, 1438, 876, 598, 1469, 99, 548, 153, 300, 250, 33, 77, 890, 20729, , 7990, 10571, 163, 79020, 6888, 1407, 3074, 20641, 3645, 788, 799, 67, 443, 255, 1567, 753, 652, 1711, 87, 480, 197, 329, 337, 38, 78, 872, 22827, , 11160, 13024, 146, 88398, 8746, 1711, 2972, 18750, 3681, 728, 543, 90, 513, 307, 1468, 743, 599, 1311, 136, 582, 212, 331, 335, 41, 104, 826, 27964, , 17270, 17819, 211, 98823, 12084, 2167, 3608, 26260, 4248, 904, 550, 82, 608, 346, 1892, 1075, 555, 1196, 122, 755, 285, 285, 376, 46, 76, 842, 37949, , 18511, 19172, 250, 117171, 14021, 2471, 4490, 31583, 4869, 912, 559, 86, 615, 460, 2188, 1499, 644, 1294, 195, 955, 321, 287, 725, 48, 117, 873, 45448, , 19173, 18144, 251, 119022, 14493, 2069, 4729, 31617, 4952, 883, 545, 82, 653, 486, 2279, 1084, 585, 1595, 197, 971, 294, 293, 508, 44, 100, 737, 46445, , 15332, 13176, 227, 100974, 11834, 1601, 3980, 25472, 3865, 696, 427, 74, 512, 431, 1913, 962, 380, 1321, 171, 742, 216, 268, 262, 36, 115, 551, 39213, , 17761, 13866, 251, 100075, 12756, 1802, 4089, 23367, 4031, 688, 486, 57, 609, 487, 2058, 890, 419, 1493, 175, 817, 252, 208, 222, 52, 76, 570, 42499, , 12405, 19509, 180, 97591, 6288, 1412, 4105, 30019, 4761, 647, 616, 37, 740, 620, 808, 1057, 1556, 1100, 210, 1002, 381, 230, 137, 17, 59, 289, 35785, , 13145, 19312, 154, 100010, 5394, 1275, 4356, 31842, 4664, 665, 449, 48, 777, 681, 804, 1070, 1664, 1294, 194, 1025, 444, 246, 182, 32, 59, 232, 33592, , 5691, 7773, 93, 43252, 2407, 559, 2106, 14881, 2751, 370, 334, 37, 298, 256, 300, 595, 867, 876, 85, 520, 249, 142, 55, 10, 20, 115, 16019, , 2778, 3897, 56, 25401, 1157, 269, 900, 8231, 1408, 241, 296, 23, 132, 84, 103, 205, 776, 1007, 58, 271, 171, 90, 17, 5, 12, 70, 9344, , 3063, 4234, 59, 24962, 1175, 268, 968, 7821, 1466, 237, 285, 23, 158, 87, 115, 222, 956, 1066, 118, 250, 179, 94, 25, 3, 10, 75, 9308, , 3120, 4064, 51, 24964, 1350, 270, 917, 8078, 2055, 295, 291, 26, 137, 71, 102, 155, 908, 1159, 377, 378, 178, 144, 21, 4, 13, 70, 9818, , 2640, 3089, 53, 20769, 1177, 236, 738, 7396, 1482, 385, 237, 25, 140, 70, 116, 108, 788, 755, 30, 251, 122, 109, 14, 5, 18, 28, 6620, , 2024, 2035, 44, 13511, 711, 150, 526, 5621, 990, 246, 175, 22, 95, 19, 123, 73, 481, 505, 20, 193, 154, 93, 23, 11, 9, 21, 15968, , 1814, 1974, 36, 11383, 517, 301, 428, 5444, 839, 160, 152, 16, 107, 14, 114, 38, 466, 682, 18, 141, 129, 150, 60, 6, 7, 22, 19703, , 2861, 3171, 43, 17130, 839, 411, 590, 8781, 1053, 243, 202, 19, 98, 24, 165, 54, 563, 443, 30, 205, 162, 164, 71, 8, 9, 12, 3538, ,
폭력범죄, 상해_폭행, 상해, 상해, , 3658, , 7059, 599, 546, 236, 134, 1204, 620, 432, 39, 258, 59, 70, 26, 79, 148, 11, 98, 21, 110, 80, 51, 51, 270, 2555, 1069, , 3585, , 7012, 581, 539, 248, 119, 1311, 539, 348, 28, 214, 36, 74, 30, 100, 152, 12, 69, 27, 104, 54, 60, 41, 218, 2573, 1121, , 4011, , 7907, 678, 518, 281, 136, 1724, 574, 337, 44, 271, 32, 77, 44, 102, 163, 31, 92, 42, 108, 76, 51, 47, 276, 3174, 1254, 1213, 2896, 57, 9051, 1189, 386, 322, 1088, 1887, 691, 624, 44, 100, 32, 272, 59, 131, 233, 32, 132, 52, 145, 133, 61, 132, 196, 3255, , 1240, 2472, 54, 8137, 1176, 292, 314, 907, 1735, 590, 551, 25, 69, 30, 234, 53, 114, 283, 26, 116, 43, 110, 118, 15, 128, 165, 3701, , 1444, 2580, 63, 8249, 1300, 309, 285, 864, 1915, 543, 537, 40, 68, 31, 248, 57, 113, 313, 39, 123, 48, 93, 104, 10, 101, 179, 4036, , 1441, 2270, 56, 8193, 1197, 320, 296, 757, 1820, 445, 517, 27, 59, 27, 217, 60, 82, 323, 29, 114, 57, 114, 111, 14, 75, 155, 4355, , 1951, 2601, 37, 9309, 1525, 345, 274, 676, 1842, 365, 337, 19, 78, 38, 182, 42, 101, 318, 39, 146, 47, 120, 127, 13, 78, 156, 5084, , 2757, 3258, 38, 10426, 1836, 435, 374, 756, 1995, 481, 375, 31, 105, 42, 219, 81, 118, 365, 52, 196, 73, 107, 142, 9, 173, 159, 6233, , 2694, 3349, 83, 11153, 1992, 456, 502, 830, 2164, 523, 419, 34, 123, 55, 258, 79, 114, 409, 63, 200, 66, 121, 115, 16, 227, 191, 6766, , 2688, 3095, 74, 11499, 1853, 417, 469, 774, 2129, 482, 373, 34, 115, 75, 224, 66, 107, 402, 65, 187, 98, 99, 126, 13, 189, 148, 6797, , 2407, 2589, 72, 10595, 1696, 335, 458, 646, 1875, 461, 407, 32, 95, 59, 209, 58, 89, 306, 69, 197, 88, 84, 88, 10, 193, 128, 6127, , 2758, 2627, 75, 11161, 1732, 374, 453, 661, 1937, 450, 399, 35, 97, 62, 222, 48, 79, 360, 47, 203, 89, 76, 101, 8, 201, 107, 6593, , 2193, 3490, 71, 10905, 1311, 245, 509, 2216, 2560, 539, 526, 19, 154, 90, 162, 94, 367, 388, 76, 288, 157, 144, 37, 9, 185, 81, 4885, , 2235, 3428, 57, 11119, 1263, 251, 520, 2253, 2520, 481, 456, 39, 164, 84, 136, 108, 420, 434, 40, 337, 167, 156, 31, 8, 148, 67, 4316, , 5300, 7079, 86, 33908, 2097, 430, 1605, 9223, 3326, 554, 496, 39, 331, 222, 326, 321, 849, 650, 64, 583, 225, 184, 53, 14, 156, 104, 11317, , 6174, 8089, 91, 39735, 2341, 457, 2007, 11499, 3456, 613, 431, 46, 367, 242, 372, 243, 844, 768, 60, 756, 217, 198, 40, 18, 142, 109, 13863, , 5787, 7476, 96, 36885, 2225, 405, 1901, 10553, 3375, 496, 444, 53, 317, 190, 343, 231, 896, 804, 63, 642, 196, 187, 40, 11, 151, 85, 13072, , 5546, 7049, 85, 34812, 2078, 446, 1694, 9867, 3306, 582, 383, 64, 319, 213, 308, 210, 892, 823, 55, 677, 212, 203, 44, 15, 131, 83, 12589, , 5115, 5335, 75, 29219, 1973, 434, 1434, 9568, 2925, 560, 374, 59, 347, 188, 378, 139, 835, 844, 55, 651, 196, 181, 31, 25, 149, 53, 9642, , 4055, 3980, 76, 19834, 1374, 313, 1055, 7678, 2518, 509, 298, 42, 234, 80, 365, 91, 564, 714, 37, 524, 171, 216, 25, 12, 139, 39, 22776, , 3384, 3396, 50, 15694, 987, 500, 822, 6891, 2086, 464, 281, 38, 210, 53, 423, 77, 500, 647, 23, 460, 154, 213, 88, 14, 121, 22, 25644, , 4553, 4505, 66, 22601, 1464, 633, 1050, 9879, 2327, 577, 353, 46, 241, 66, 542, 87, 602, 612, 52, 631, 188, 231, 62, 9, 82, 15, 5179, ,
폭력범죄, 상해_폭행, 폭행, 폭행, , 1303, , 2095, 171, 159, 84, 96, 315, 89, 61, 10, 93, 11, 31, 15, 19, 76, 8, 20, 21, 55, 23, 193, 25, 60, 752, 359, , 1275, , 1847, 170, 127, 74, 80, 322, 79, 54, 7, 75, 7, 17, 15, 25, 59, 5, 18, 10, 28, 26, 152, 24, 62, 738, 308, , 1214, , 1922, 191, 120, 89, 67, 352, 77, 65, 9, 73, 8, 32, 9, 26, 43, 7, 26, 19, 28, 41, 233, 20, 49, 772, 375, 301, 849, 12, 2123, 267, 80, 93, 390, 372, 73, 75, 14, 22, 4, 66, 18, 29, 70, 7, 40, 14, 44, 79, 191, 26, 36, 692, , 318, 696, 10, 1940, 279, 68, 86, 267, 380, 75, 74, 5, 24, 8, 56, 16, 23, 126, 12, 26, 13, 18, 66, 7, 40, 35, 785, , 369, 716, 9, 1905, 298, 77, 75, 268, 396, 50, 89, 2, 20, 11, 57, 20, 21, 90, 12, 38, 12, 17, 78, 4, 23, 32, 859, , 402, 545, 11, 1877, 332, 72, 70, 219, 372, 43, 60, 3, 25, 12, 55, 10, 27, 123, 8, 27, 17, 17, 93, 3, 16, 39, 879, , 778, 857, 8, 2954, 478, 109, 87, 266, 457, 57, 56, 3, 34, 26, 69, 18, 31, 130, 14, 37, 26, 12, 112, 3, 23, 24, 1316, , 1409, 1364, 13, 4231, 793, 183, 160, 404, 654, 103, 63, 6, 46, 30, 125, 41, 46, 159, 13, 74, 22, 31, 107, 10, 69, 47, 1998, , 1646, 1661, 30, 6148, 1062, 199, 263, 631, 899, 140, 108, 15, 63, 54, 163, 55, 53, 145, 29, 113, 46, 42, 144, 5, 59, 70, 2993, , 1740, 1509, 29, 6365, 1095, 187, 261, 539, 929, 134, 123, 13, 71, 67, 147, 52, 53, 199, 36, 122, 32, 36, 119, 7, 45, 52, 3262, , 1403, 1239, 27, 6448, 916, 167, 245, 472, 892, 133, 127, 12, 70, 57, 161, 40, 34, 162, 27, 109, 32, 28, 99, 6, 28, 38, 3122, , 1695, 1455, 48, 7624, 1050, 177, 264, 722, 945, 155, 147, 13, 77, 75, 168, 35, 37, 139, 33, 109, 42, 22, 102, 13, 48, 52, 3474, , 1251, 2062, 35, 6319, 758, 120, 269, 1195, 1298, 153, 182, 4, 120, 99, 137, 54, 173, 109, 28, 173, 86, 39, 90, 16, 80, 30, 2502, , 1500, 2098, 30, 7502, 769, 128, 311, 1416, 1349, 180, 145, 12, 114, 112, 150, 76, 246, 205, 33, 180, 100, 60, 54, 21, 74, 30, 2568, , 4470, 5455, 55, 29902, 1861, 345, 1187, 6810, 2228, 226, 208, 19, 297, 351, 415, 292, 620, 313, 60, 452, 121, 66, 58, 6, 72, 33, 8313, , 6328, 8189, 72, 45712, 2631, 407, 1919, 10967, 3012, 298, 277, 27, 441, 463, 878, 219, 802, 425, 49, 703, 182, 80, 54, 19, 66, 52, 13326, , 7427, 8805, 87, 50895, 3003, 437, 2177, 11940, 3473, 366, 324, 35, 478, 471, 508, 229, 995, 498, 77, 789, 191, 110, 42, 15, 49, 43, 14483, , 7705, 9130, 104, 54375, 3175, 434, 2249, 12685, 3755, 343, 324, 41, 542, 504, 592, 228, 1161, 596, 65, 945, 191, 122, 90, 24, 80, 60, 16004, , 7603, 7407, 107, 50270, 3669, 573, 2097, 14142, 3526, 480, 349, 43, 720, 508, 864, 159, 1240, 590, 92, 949, 183, 105, 65, 28, 79, 31, 13701, , 5855, 5140, 99, 35662, 2485, 389, 1525, 11677, 2677, 409, 242, 32, 676, 235, 834, 75, 860, 501, 69, 751, 153, 125, 55, 44, 48, 23, 52663, , 5081, 5057, 80, 31535, 2050, 676, 1267, 11033, 2182, 367, 203, 22, 565, 179, 1000, 83, 781, 720, 46, 660, 145, 152, 106, 25, 58, 23, 64014, , 10276, 9998, 108, 56808, 3682, 1252, 2147, 20391, 3445, 537, 402, 47, 975, 337, 1662, 187, 1292, 707, 82, 1200, 218, 190, 106, 13, 87, 20, 10351, ,
폭력범죄, 약취_유인_인신매매, 약취_유인, 약취와유인, , 42, , 62, 2, 3, 16, 30, 15, 0, 0, 5, 2, 0, 0, 6, 0, 0, 0, 3, 1, 5, 0, 0, 0, 1, 60, 28, , 36, , 50, 4, 3, 25, 7, 5, 0, 0, 1, 6, 3, 0, 1, 0, 4, 0, 1, 0, 1, 0, 0, 0, 5, 49, 24, , 61, , 59, 0, 3, 27, 16, 9, 1, 0, 0, 2, 5, 1, 2, 3, 5, 0, 0, 1, 3, 0, 0, 0, 2, 52, 28, 9, 37, 1, 44, 5, 3, 18, 100, 10, 0, 2, 0, 3, 1, 2, 0, 1, 4, 0, 0, 2, 2, 1, 0, 0, 0, 62, , 8, 15, 0, 34, 2, 0, 14, 47, 3, 0, 0, 0, 5, 0, 2, 2, 2, 7, 0, 1, 1, 2, 1, 0, 0, 0, 50, , 9, 18, 0, 44, 6, 1, 9, 37, 16, 1, 0, 0, 8, 0, 0, 1, 1, 2, 0, 0, 0, 3, 0, 0, 0, 2, 62, , 16, 17, 1, 41, 4, 1, 15, 60, 69, 0, 0, 0, 4, 1, 1, 1, 2, 1, 0, 0, 1, 4, 0, 0, 0, 2, 74, , 11, 14, 0, 60, 3, 2, 17, 51, 4, 0, 0, 0, 21, 0, 1, 1, 1, 2, 0, 0, 1, 3, 0, 0, 1, 0, 61, , 9, 18, 1, 45, 5, 0, 12, 34, 12, 0, 0, 0, 8, 0, 3, 0, 1, 6, 0, 0, 0, 0, 0, 0, 1, 1, 75, , 25, 27, 0, 58, 9, 2, 18, 76, 16, 2, 0, 0, 3, 0, 2, 1, 3, 7, 0, 2, 1, 1, 0, 0, 2, 3, 122, , 17, 21, 0, 63, 17, 1, 25, 83, 23, 0, 0, 0, 12, 0, 3, 1, 1, 3, 0, 1, 2, 1, 0, 0, 8, 0, 128, , 13, 11, 0, 57, 1, 1, 11, 41, 9, 0, 0, 0, 4, 0, 3, 0, 1, 2, 0, 1, 0, 0, 0, 0, 0, 0, 85, , 17, 14, 1, 73, 8, 1, 27, 88, 11, 1, 0, 0, 3, 0, 3, 0, 0, 6, 0, 1, 0, 3, 0, 0, 2, 1, 141, , 15, 26, 1, 82, 6, 1, 26, 74, 52, 0, 0, 0, 5, 1, 4, 0, 0, 12, 1, 0, 0, 1, 0, 0, 0, 0, 70, , 15, 20, 1, 53, 1, 0, 6, 15, 3, 1, 1, 0, 3, 1, 0, 0, 1, 3, 0, 1, 1, 1, 0, 0, 0, 0, 22, , 11, 20, 0, 42, 0, 0, 3, 10, 42, 0, 0, 1, 5, 1, 1, 1, 3, 6, 1, 0, 0, 1, 0, 0, 0, 0, 23, , 10, 20, 0, 62, 2, 0, 7, 5, 11, 0, 0, 0, 2, 0, 0, 1, 1, 10, 0, 0, 0, 0, 0, 0, 0, 0, 39, , 22, 28, 0, 133, 1, 0, 12, 8, 2, 0, 1, 0, 2, 1, 1, 0, 4, 8, 0, 1, 0, 0, 0, 0, 0, 0, 39, , 26, 38, 0, 290, 1, 0, 45, 9, 5, 0, 0, 0, 2, 1, 1, 0, 3, 10, 0, 1, 0, 1, 0, 0, 0, 1, 51, , 31, 31, 0, 84, 4, 0, 16, 8, 2, 0, 0, 0, 2, 3, 1, 0, 5, 15, 0, 0, 0, 0, 0, 0, 0, 0, 23, , 20, 27, 0, 99, 3, 0, 18, 6, 3, 0, 0, 0, 5, 1, 2, 0, 6, 9, 0, 2, 2, 0, 0, 0, 0, 0, 69, , 18, 21, 0, 62, 1, 1, 17, 4, 3, 0, 0, 0, 1, 1, 4, 0, 1, 6, 0, 2, 3, 0, 0, 0, 0, 0, 67, , 22, 30, 0, 62, 2, 0, 14, 2, 5, 1, 0, 0, 7, 0, 4, 0, 6, 11, 0, 3, 0, 0, 0, 0, 0, 0, 25, ,
폭력범죄, 유기_학대, 유기, 유기, , 35, , 31, 1, 0, 6, 0, 1, 0, 0, 0, 3, 1, 0, 0, 0, 0, 0, 10, 4, 5, 0, 0, 1, 2, 28, 2, , 36, , 28, 0, 0, 4, 0, 2, 0, 0, 0, 1, 1, 0, 0, 0, 0, 0, 10, 3, 3, 3, 0, 1, 3, 24, 0, , 30, , 25, 0, 0, 1, 0, 0, 1, 1, 0, 1, 0, 2, 0, 0, 0, 0, 6, 3, 3, 4, 0, 0, 4, 31, 1, 12, 22, 0, 26, 1, 1, 3, 1, 1, 0, 0, 0, 3, 0, 1, 0, 0, 1, 0, 10, 2, 1, 0, 0, 0, 1, 23, , 12, 21, 0, 31, 1, 0, 3, 2, 1, 1, 1, 0, 0, 0, 0, 0, 1, 0, 0, 10, 6, 1, 1, 0, 0, 4, 19, , 17, 28, 0, 26, 0, 0, 1, 0, 0, 0, 0, 0, 0, 0, 0, 0, 0, 1, 0, 12, 3, 0, 0, 0, 0, 1, 41, , 17, 14, 0, 20, 0, 0, 5, 1, 0, 0, 0, 2, 3, 0, 0, 0, 0, 0, 0, 12, 4, 0, 3, 0, 0, 0, 21, , 17, 14, 0, 26, 3, 0, 7, 2, 1, 0, 0, 0, 2, 0, 0, 0, 0, 0, 0, 12, 3, 1, 1, 0, 0, 1, 29, , 33, 26, 0, 35, 2, 0, 5, 0, 0, 2, 0, 0, 2, 0, 1, 0, 0, 0, 1, 25, 7, 1, 0, 0, 0, 0, 38, , 37, 32, 1, 40, 2, 0, 8, 1, 3, 0, 0, 0, 1, 0, 0, 0, 0, 1, 1, 18, 12, 1, 0, 0, 0, 1, 58, , 49, 31, 0, 51, 4, 0, 10, 1, 3, 0, 0, 0, 5, 1, 2, 1, 1, 0, 1, 11, 16, 0, 0, 0, 1, 1, 51, , 37, 17, 0, 32, 1, 2, 9, 0, 2, 0, 0, 1, 3, 0, 1, 0, 1, 1, 0, 14, 9, 0, 0, 0, 0, 0, 37, , 32, 26, 0, 54, 2, 2, 12, 0, 6, 0, 0, 0, 0, 0, 0, 0, 0, 0, 1, 12, 8, 1, 1, 0, 0, 2, 61, , 29, 40, 0, 58, 1, 0, 8, 1, 1, 0, 0, 0, 1, 1, 2, 0, 0, 1, 0, 32, 18, 0, 2, 0, 0, 1, 54, , 17, 24, 1, 56, 3, 0, 6, 1, 6, 2, 0, 0, 1, 1, 1, 0, 2, 0, 0, 32, 12, 0, 2, 0, 0, 0, 41, , 15, 24, 1, 38, 1, 0, 5, 2, 1, 0, 0, 0, 0, 0, 1, 0, 1, 2, 0, 21, 9, 1, 1, 0, 0, 0, 30, , 30, 24, 2, 30, 0, 0, 6, 1, 3, 0, 1, 0, 0, 0, 1, 0, 0, 0, 0, 22, 5, 1, 0, 0, 0, 1, 34, , 19, 27, 0, 35, 0, 0, 6, 3, 1, 0, 0, 0, 0, 0, 1, 1, 1, 0, 0, 25, 8, 0, 1, 0, 0, 0, 24, , 20, 25, 2, 22, 3, 0, 3, 0, 3, 0, 0, 0, 0, 0, 1, 0, 0, 1, 0, 13, 4, 0, 0, 0, 0, 1, 19, , 17, 24, 1, 27, 1, 0, 4, 1, 4, 0, 0, 0, 2, 1, 1, 0, 3, 1, 0, 9, 4, 0, 1, 0, 0, 1, 30, , 24, 23, 0, 27, 3, 0, 5, 0, 2, 0, 0, 1, 1, 0, 3, 0, 4, 2, 0, 20, 12, 0, 0, 0, 0, 1, 74, , 19, 36, 0, 19, 2, 2, 6, 1, 4, 0, 1, 0, 0, 0, 1, 0, 0, 2, 0, 14, 23, 1, 2, 0, 0, 0, 97, , 21, 26, 1, 32, 3, 2, 5, 0, 2, 0, 0, 0, 3, 0, 2, 0, 1, 2, 0, 21, 134, 0, 2, 0, 0, 0, 44, ,
폭력범죄, 체포_감금, 체포, 체포와감금, , 33, , 48, 5, 0, 3, 1, 7, 1, 0, 0, 1, 0, 6, 0, 0, 1, 0, 4, 0, 1, 0, 0, 2, 0, 29, 6, , 23, , 30, 2, 0, 6, 1, 1, 1, 1, 0, 4, 0, 5, 0, 0, 0, 0, 3, 2, 1, 0, 0, 1, 0, 39, 4, , 38, , 40, 4, 1, 10, 0, 10, 1, 1, 0, 2, 0, 3, 1, 0, 0, 1, 3, 0, 2, 1, 0, 3, 1, 50, 2, 15, 22, 2, 42, 1, 0, 13, 5, 17, 4, 1, 1, 0, 0, 16, 0, 0, 4, 0, 8, 2, 2, 2, 0, 1, 1, 60, , 12, 25, 1, 37, 4, 0, 8, 5, 20, 4, 3, 0, 0, 1, 12, 1, 1, 2, 0, 6, 0, 0, 2, 0, 0, 1, 48, , 10, 25, 0, 58, 4, 1, 9, 9, 17, 2, 1, 1, 1, 0, 17, 0, 0, 1, 0, 3, 1, 2, 1, 0, 1, 0, 53, , 21, 34, 1, 43, 5, 2, 14, 13, 23, 2, 0, 1, 0, 0, 21, 0, 1, 3, 0, 10, 0, 1, 4, 0, 1, 1, 68, , 43, 21, 2, 60, 5, 1, 9, 7, 17, 0, 1, 0, 1, 0, 13, 2, 1, 2, 1, 4, 0, 0, 5, 0, 5, 0, 59, , 23, 26, 1, 57, 4, 2, 16, 9, 28, 2, 1, 0, 0, 0, 19, 0, 0, 2, 0, 4, 1, 0, 3, 0, 3, 0, 72, , 32, 40, 2, 65, 6, 0, 19, 15, 33, 2, 1, 2, 0, 0, 21, 2, 0, 4, 0, 16, 2, 1, 1, 0, 6, 0, 111, , 40, 36, 2, 65, 7, 2, 14, 13, 24, 0, 2, 0, 1, 0, 25, 0, 0, 4, 1, 8, 3, 0, 1, 0, 3, 1, 130, , 38, 28, 1, 85, 9, 0, 26, 20, 32, 2, 2, 0, 1, 0, 15, 0, 0, 1, 0, 14, 4, 2, 2, 0, 5, 0, 133, , 37, 20, 2, 83, 9, 1, 14, 13, 21, 6, 1, 1, 0, 0, 24, 0, 0, 2, 0, 13, 2, 3, 1, 0, 1, 0, 105, , 42, 57, 6, 96, 7, 0, 24, 24, 26, 1, 3, 0, 2, 0, 8, 0, 0, 3, 0, 21, 4, 0, 4, 0, 1, 2, 104, , 20, 40, 1, 116, 7, 0, 22, 21, 28, 4, 2, 1, 3, 1, 4, 0, 1, 2, 0, 20, 2, 2, 2, 0, 0, 0, 79, , 54, 67, 2, 174, 9, 0, 48, 27, 38, 5, 1, 1, 1, 0, 9, 0, 3, 3, 2, 34, 2, 0, 1, 0, 2, 0, 132, , 59, 98, 3, 210, 16, 1, 33, 34, 54, 5, 1, 1, 5, 0, 15, 4, 2, 6, 2, 31, 3, 3, 3, 0, 0, 1, 149, , 88, 87, 5, 274, 7, 0, 71, 37, 73, 5, 2, 1, 3, 0, 19, 2, 0, 5, 2, 29, 5, 1, 1, 0, 1, 0, 118, , 66, 98, 3, 277, 12, 1, 57, 41, 54, 3, 7, 2, 3, 1, 33, 3, 3, 3, 1, 42, 6, 0, 1, 0, 4, 1, 157, , 71, 96, 5, 222, 19, 1, 50, 31, 43, 4, 6, 4, 2, 0, 19, 0, 4, 6, 2, 47, 5, 3, 1, 0, 1, 0, 122, , 50, 80, 5, 192, 6, 0, 31, 44, 52, 7, 1, 3, 1, 0, 28, 0, 0, 4, 3, 65, 14, 0, 0, 0, 0, 0, 270, , 64, 75, 2, 178, 9, 3, 45, 38, 64, 4, 1, 1, 2, 0, 47, 2, 2, 7, 0, 64, 10, 4, 0, 0, 0, 0, 301, , 95, 106, 6, 257, 26, 7, 62, 52, 59, 5, 1, 3, 1, 0, 80, 0, 1, 10, 3, 64, 9, 4, 2, 1, 0, 1, 115, ,
폭력범죄, 협박, 협박, 협박, , 214, , 55, 10, 1, 9, 5, 46, 4, 2, 0, 1, 4, 2, 1, 0, 4, 0, 3, 3, 5, 1, 0, 1, 1, 136, 35, , 251, , 55, 22, 4, 9, 3, 53, 2, 2, 0, 1, 0, 0, 0, 0, 5, 1, 5, 0, 2, 0, 1, 0, 1, 140, 45, , 254, , 56, 17, 5, 10, 3, 61, 3, 1, 0, 1, 0, 0, 2, 1, 6, 1, 9, 2, 6, 0, 0, 1, 0, 174, 39, 83, 212, 0, 65, 25, 2, 12, 34, 93, 5, 7, 1, 3, 0, 3, 3, 1, 3, 3, 11, 1, 3, 3, 2, 1, 7, 235, , 73, 168, 1, 58, 34, 1, 9, 39, 81, 6, 5, 2, 0, 0, 0, 3, 1, 1, 5, 7, 2, 3, 0, 1, 4, 2, 234, , 89, 179, 0, 51, 24, 3, 5, 40, 95, 7, 6, 0, 0, 0, 3, 1, 0, 4, 1, 7, 2, 2, 0, 0, 3, 5, 253, , 100, 181, 0, 65, 32, 2, 9, 31, 110, 6, 7, 0, 0, 0, 2, 0, 1, 7, 5, 8, 4, 1, 1, 0, 1, 1, 277, , 93, 163, 0, 94, 32, 3, 14, 23, 101, 6, 5, 0, 1, 0, 2, 0, 0, 6, 3, 8, 3, 1, 4, 1, 3, 0, 316, , 139, 220, 2, 86, 65, 7, 9, 42, 111, 7, 6, 0, 1, 0, 1, 1, 1, 8, 2, 12, 0, 3, 1, 1, 1, 3, 470, , 149, 259, 0, 116, 61, 7, 16, 29, 153, 10, 8, 1, 0, 0, 12, 1, 1, 9, 6, 25, 3, 6, 2, 1, 6, 2, 679, , 236, 299, 3, 181, 88, 13, 32, 62, 197, 6, 10, 0, 1, 0, 12, 1, 1, 15, 10, 24, 6, 3, 1, 0, 2, 0, 905, , 224, 270, 2, 194, 61, 11, 28, 40, 191, 7, 10, 1, 1, 2, 7, 2, 2, 17, 5, 23, 8, 4, 5, 0, 9, 4, 972, , 237, 226, 1, 187, 75, 8, 20, 36, 188, 11, 8, 0, 1, 0, 8, 1, 0, 19, 11, 20, 6, 6, 2, 1, 7, 6, 1008, , 191, 368, 1, 185, 69, 9, 29, 117, 291, 23, 14, 2, 7, 3, 6, 6, 8, 12, 9, 42, 11, 10, 2, 0, 7, 3, 908, , 295, 463, 4, 314, 86, 17, 38, 154, 290, 32, 10, 0, 1, 2, 7, 8, 13, 16, 9, 21, 15, 9, 1, 0, 6, 3, 685, , 398, 552, 1, 508, 79, 9, 50, 212, 262, 19, 15, 1, 3, 3, 9, 10, 9, 21, 11, 43, 29, 14, 3, 1, 2, 3, 653, , 409, 655, 5, 629, 85, 8, 55, 213, 297, 22, 8, 1, 4, 1, 10, 6, 19, 16, 7, 30, 26, 8, 1, 0, 3, 3, 722, , 479, 657, 1, 729, 112, 7, 55, 429, 340, 23, 27, 2, 6, 4, 11, 8, 13, 46, 16, 52, 24, 7, 0, 0, 8, 1, 721, , 560, 744, 3, 879, 127, 17, 60, 305, 404, 19, 7, 1, 10, 5, 18, 3, 28, 35, 4, 79, 27, 13, 7, 1, 8, 2, 786, , 403, 640, 2, 624, 99, 15, 41, 247, 368, 17, 13, 3, 5, 4, 12, 2, 16, 23, 5, 46, 18, 10, 2, 1, 7, 2, 690, , 430, 538, 4, 554, 73, 3, 52, 197, 431, 12, 18, 2, 0, 1, 12, 7, 11, 21, 7, 54, 21, 7, 3, 3, 6, 5, 1204, , 468, 607, 5, 633, 96, 52, 44, 285, 418, 24, 8, 0, 3, 1, 12, 3, 19, 42, 3, 59, 16, 10, 7, 0, 4, 1, 1846, , 663, 831, 11, 936, 156, 40, 67, 339, 428, 31, 20, 2, 10, 6, 38, 5, 17, 47, 10, 63, 19, 17, 3, 2, 4, 1, 1057, ,
풍속범죄, 기타_성풍속범죄, 간통, , , 2732, , 58, 14, 5, 2329, 21, 29, 10, 4, 2, 1, 23, 14, 0, 6, 3, 0, 3, 4, 16, 0, 1, 0, 6, 1531, 109, , 2684, , 49, 21, 9, 2302, 17, 53, 4, 4, 0, 4, 7, 12, 3, 3, 1, 0, 1, 4, 10, 0, 2, 1, 7, 1447, 110, , 3022, , 41, 21, 8, 2411, 34, 95, 9, 3, 0, 3, 6, 15, 5, 11, 0, 1, 1, 1, 10, 0, 0, 0, 5, 1635, 137, 792, 2190, 1, 70, 59, 5, 2745, 150, 73, 13, 1, 1, 0, 0, 11, 19, 12, 2, 0, 5, 5, 19, 0, 1, 0, 1, 1324, , 786, 1851, 2, 73, 48, 1, 2345, 215, 66, 7, 2, 0, 0, 0, 17, 3, 7, 3, 0, 2, 2, 8, 0, 0, 1, 7, 1486, , 829, 1658, 1, 69, 37, 2, 2127, 144, 65, 9, 6, 2, 0, 0, 12, 3, 6, 3, 0, 3, 4, 5, 0, 0, 0, 4, 1707, , 773, 1397, 0, 78, 42, 3, 1609, 99, 37, 6, 1, 0, 0, 0, 25, 1, 3, 2, 1, 0, 0, 3, 1, 0, 0, 7, 1720, , 789, 1247, 4, 198, 49, 3, 1707, 100, 29, 5, 2, 1, 0, 0, 8, 6, 1, 0, 1, 3, 1, 5, 0, 1, 0, 6, 1780, , 868, 1171, 0, 93, 48, 6, 1546, 81, 35, 6, 3, 2, 0, 0, 23, 2, 3, 2, 0, 2, 3, 8, 1, 0, 0, 4, 1810, , 892, 1143, 1, 76, 40, 5, 1629, 76, 32, 3, 0, 1, 0, 0, 16, 0, 1, 1, 0, 0, 5, 7, 0, 2, 1, 5, 1681, , 835, 1010, 6, 135, 45, 5, 1549, 64, 38, 6, 0, 3, 1, 0, 8, 1, 5, 3, 4, 2, 6, 2, 1, 0, 1, 7, 1683, , 815, 811, 0, 182, 39, 0, 1377, 55, 23, 5, 1, 2, 0, 0, 12, 0, 2, 0, 0, 1, 4, 2, 0, 1, 0, 3, 1622, , 775, 715, 0, 170, 33, 2, 1392, 51, 21, 2, 0, 1, 0, 0, 16, 1, 3, 1, 0, 0, 0, 1, 0, 0, 0, 1, 1637, , 549, 1092, 2, 24, 24, 3, 1552, 57, 38, 6, 0, 1, 0, 1, 14, 0, 11, 0, 1, 3, 9, 0, 1, 0, 0, 2, 904, , 502, 835, 0, 40, 19, 1, 1322, 52, 28, 5, 0, 1, 0, 0, 10, 3, 5, 1, 1, 1, 5, 6, 0, 0, 0, 2, 847, , 428, 799, 0, 28, 10, 0, 1142, 33, 30, 1, 0, 0, 0, 0, 8, 0, 0, 1, 2, 4, 1, 5, 0, 0, 0, 3, 829, , 378, 729, 1, 24, 12, 1, 1042, 38, 38, 1, 0, 0, 0, 0, 7, 0, 3, 2, 0, 1, 1, 4, 0, 0, 0, 3, 796, , 299, 483, 0, 32, 8, 0, 759, 26, 30, 1, 0, 0, 0, 0, 11, 0, 2, 1, 0, 0, 2, 1, 0, 0, 0, 0, 643, , 316, 504, 0, 25, 9, 1, 741, 27, 44, 1, 0, 0, 0, 0, 8, 1, 4, 1, 0, 3, 2, 1, 0, 0, 0, 0, 616, , 241, 348, 0, 17, 4, 1, 590, 23, 40, 0, 0, 0, 0, 0, 16, 1, 2, 1, 0, 4, 4, 2, 0, 0, 0, 0, 404, , 219, 353, 0, 22, 4, 0, 517, 20, 42, 0, 0, 1, 0, 0, 14, 0, 2, 0, 0, 2, 0, 0, 0, 0, 0, 0, 502, , 263, 324, 1, 28, 5, 1, 574, 21, 39, 0, 0, 1, 0, 0, 22, 1, 1, 0, 0, 1, 2, 1, 1, 0, 0, 0, 541, , 237, 259, 0, 19, 4, 2, 603, 14, 35, 0, 0, 1, 0, 0, 21, 0, 2, 0, 0, 1, 1, 3, 1, 0, 0, 0, 361, ,
풍속범죄, 도박_복표, 도박과 복표에 관한죄, , , 2207, , 109, 403, 77, 532, 121, 1252, 39, 7, 12, 8, 8, 6, 68, 13, 2, 4, 2, 0, 10, 0, 1, 0, 6, 779, 662, , 2443, , 141, 475, 118, 484, 126, 1916, 49, 4, 20, 8, 4, 5, 61, 13, 0, 4, 3, 1, 5, 1, 2, 0, 24, 955, 714, , 3672, , 196, 1037, 229, 670, 256, 4560, 127, 17, 47, 26, 18, 11, 147, 26, 6, 13, 6, 1, 15, 0, 1, 2, 39, 1690, 1273, 560, 1849, 1, 166, 934, 56, 403, 637, 2319, 80, 14, 17, 1, 0, 12, 130, 19, 4, 8, 8, 3, 20, 0, 1, 0, 17, 1288, , 541, 1562, 2, 209, 975, 87, 373, 532, 2304, 80, 10, 22, 4, 0, 11, 150, 7, 6, 1, 4, 0, 7, 1, 1, 1, 22, 1515, , 618, 1305, 5, 201, 824, 61, 279, 431, 2076, 61, 7, 21, 1, 0, 14, 117, 4, 1, 4, 1, 1, 4, 0, 0, 0, 6, 1794, , 630, 1237, 0, 252, 909, 65, 309, 416, 2120, 71, 6, 34, 0, 1, 22, 131, 8, 5, 3, 4, 2, 9, 0, 0, 2, 7, 1978, , 617, 1251, 1, 465, 1072, 60, 261, 309, 2214, 57, 4, 16, 0, 0, 14, 123, 7, 4, 2, 6, 1, 8, 3, 0, 0, 14, 2339, , 764, 1526, 4, 343, 1401, 85, 361, 403, 2832, 66, 5, 34, 3, 0, 13, 135, 15, 3, 1, 11, 0, 4, 36, 1, 1, 13, 3021, , 992, 1749, 2, 341, 1628, 107, 460, 445, 3620, 114, 2, 31, 0, 0, 15, 159, 8, 5, 1, 21, 2, 17, 6, 2, 1, 16, 3713, , 985, 1835, 6, 436, 1353, 100, 423, 403, 3488, 88, 9, 40, 1, 2, 11, 136, 18, 3, 4, 10, 1, 8, 0, 2, 1, 16, 3252, , 946, 1587, 4, 536, 1106, 94, 359, 227, 3004, 90, 6, 39, 2, 1, 12, 104, 17, 4, 2, 10, 2, 4, 0, 1, 1, 12, 3074, , 633, 1141, 3, 391, 881, 72, 255, 157, 2203, 55, 7, 31, 3, 0, 7, 57, 14, 2, 0, 8, 1, 5, 0, 2, 0, 12, 2274, , 369, 1563, 0, 86, 583, 68, 226, 1141, 2994, 44, 7, 30, 4, 0, 6, 102, 48, 0, 3, 11, 4, 25, 0, 0, 0, 8, 1516, , 365, 1320, 1, 87, 463, 45, 211, 1039, 2270, 37, 7, 20, 6, 0, 5, 73, 32, 0, 0, 3, 4, 23, 0, 3, 0, 4, 1258, , 530, 1137, 1, 94, 609, 29, 173, 1550, 2436, 19, 3, 24, 0, 2, 5, 732, 60, 1, 3, 4, 3, 18, 0, 0, 1, 7, 7250, , 416, 1434, 0, 120, 534, 29, 165, 1160, 2589, 45, 3, 34, 3, 0, 3, 213, 56, 0, 1, 6, 4, 25, 0, 0, 0, 4, 2929, , 441, 1970, 0, 103, 472, 34, 155, 1156, 3325, 43, 3, 57, 1, 2, 8, 104, 69, 1, 3, 3, 3, 17, 0, 0, 0, 1, 3206, , 1763, 5440, 0, 138, 574, 31, 276, 1149, 8495, 46, 3, 44, 7, 0, 8, 110, 66, 2, 17, 12, 3, 14, 0, 0, 0, 5, 13397, , 625, 2693, 1, 105, 420, 30, 156, 976, 3706, 41, 3, 44, 4, 0, 6, 75, 47, 4, 13, 4, 4, 15, 0, 0, 0, 3, 4300, , 546, 1921, 0, 65, 284, 16, 112, 846, 2798, 40, 3, 42, 3, 0, 1, 45, 33, 0, 6, 3, 3, 9, 0, 1, 0, 3, 5590, , 368, 880, 0, 60, 158, 64, 109, 543, 1468, 24, 0, 25, 1, 0, 2, 33, 27, 2, 5, 1, 5, 10, 2, 0, 0, 1, 4168, , 292, 1096, 0, 78, 209, 105, 143, 736, 1836, 29, 1, 31, 5, 0, 1, 33, 40, 1, 6, 1, 1, 23, 4, 0, 0, 0, 1966, , 
